,striker,runs_1,runs_2,balls_faced_1,balls_faced_2,strike_rate_1,strike_rate_2,total_runs,total_balls,total_strike_rate,bowler,wickets_1,wickets_2,total_wickets
0,A Ashish Reddy,166.0,114.0,115.0,81.0,144.34782608695653,140.74074074074073,280.0,196.0,142.85714285714286,A Ashish Reddy,7.0,11.0,18.0
1,A Badoni,464.0,170.0,338.0,167.0,137.27810650887574,101.79640718562875,634.0,505.0,125.54455445544555,A Badoni,1.0,1.0,2.0
2,A Chandila,4.0,0.0,7.0,0.0,57.14285714285714,0.0,4.0,7.0,57.14285714285714,A Chandila,3.0,8.0,11.0
3,A Chopra,51.0,2.0,72.0,3.0,70.83333333333334,66.66666666666666,53.0,75.0,70.66666666666667,0,0.0,0.0,0.0
4,A Choudhary,15.0,10.0,12.0,8.0,125.0,125.0,25.0,20.0,125.0,A Choudhary,3.0,2.0,5.0
5,A Dananjaya,4.0,0.0,5.0,0.0,80.0,0.0,4.0,5.0,80.0,A Dananjaya,0.0,0.0,0.0
6,A Flintoff,22.0,40.0,14.0,43.0,157.14285714285714,93.02325581395348,62.0,57.0,108.77192982456141,A Flintoff,1.0,1.0,2.0
7,A Kamboj,0.0,2.0,0.0,2.0,0.0,100.0,2.0,2.0,100.0,A Kamboj,2.0,0.0,2.0
8,A Kumble,11.0,24.0,16.0,33.0,68.75,72.72727272727273,35.0,49.0,71.42857142857143,A Kumble,27.0,18.0,45.0
9,A Manohar,175.0,56.0,119.0,62.0,147.05882352941177,90.32258064516128,231.0,181.0,127.62430939226519,0,0.0,0.0,0.0
10,A Mishra,145.0,236.0,176.0,264.0,82.38636363636364,89.39393939393939,381.0,440.0,86.5909090909091,A Mishra,74.0,100.0,174.0
11,A Mithun,8.0,26.0,5.0,21.0,160.0,123.80952380952381,34.0,26.0,130.76923076923077,A Mithun,5.0,2.0,7.0
12,A Mukund,19.0,0.0,22.0,1.0,86.36363636363636,0.0,19.0,23.0,82.6086956521739,0,0.0,0.0,0.0
13,A Nehra,6.0,35.0,19.0,44.0,31.57894736842105,79.54545454545455,41.0,63.0,65.07936507936508,A Nehra,59.0,47.0,106.0
14,0,0.0,0.0,0.0,0.0,0.0,0.0,0.0,0.0,0.0,A Nel,0.0,1.0,1.0
15,A Nortje,17.0,32.0,14.0,37.0,121.42857142857142,86.48648648648648,49.0,51.0,96.07843137254902,A Nortje,27.0,33.0,60.0
16,A Raghuvanshi,156.0,7.0,103.0,6.0,151.45631067961165,116.66666666666667,163.0,109.0,149.54128440366972,0,0.0,0.0,0.0
17,A Singh,1.0,1.0,4.0,6.0,25.0,16.666666666666664,2.0,10.0,20.0,A Singh,17.0,11.0,28.0
18,A Symonds,622.0,352.0,472.0,309.0,131.77966101694915,113.91585760517799,974.0,781.0,124.71190781049937,A Symonds,10.0,10.0,20.0
19,A Tomar,0.0,4.0,0.0,8.0,0.0,50.0,4.0,8.0,50.0,0,0.0,0.0,0.0
20,A Uniyal,4.0,0.0,6.0,1.0,66.66666666666666,0.0,4.0,7.0,57.14285714285714,A Uniyal,2.0,0.0,2.0
21,A Zampa,8.0,7.0,11.0,14.0,72.72727272727273,50.0,15.0,25.0,60.0,A Zampa,21.0,8.0,29.0
22,AA Bilakhia,29.0,40.0,41.0,47.0,70.73170731707317,85.1063829787234,69.0,88.0,78.4090909090909,0,0.0,0.0,0.0
23,AA Chavan,8.0,4.0,9.0,2.0,88.88888888888889,200.0,12.0,11.0,109.09090909090908,AA Chavan,2.0,6.0,8.0
24,AA Jhunjhunwala,142.0,75.0,134.0,84.0,105.97014925373134,89.28571428571429,217.0,218.0,99.54128440366972,AA Jhunjhunwala,1.0,0.0,1.0
25,0,0.0,0.0,0.0,0.0,0.0,0.0,0.0,0.0,0.0,AA Kazi,0.0,0.0,0.0
26,AA Kulkarni,0.0,9.0,0.0,8.0,0.0,112.5,9.0,8.0,112.5,0,0.0,0.0,0.0
27,AA Noffke,0.0,9.0,0.0,12.0,0.0,75.0,9.0,12.0,75.0,AA Noffke,1.0,0.0,1.0
28,AB Agarkar,117.0,62.0,98.0,62.0,119.38775510204083,100.0,179.0,160.0,111.87499999999999,AB Agarkar,12.0,17.0,29.0
29,AB Barath,0.0,42.0,0.0,43.0,0.0,97.67441860465115,42.0,43.0,97.67441860465115,0,0.0,0.0,0.0
30,AB Dinda,7.0,19.0,22.0,28.0,31.818181818181817,67.85714285714286,26.0,50.0,52.0,AB Dinda,37.0,32.0,69.0
31,AB McDonald,74.0,49.0,57.0,46.0,129.82456140350877,106.5217391304348,123.0,103.0,119.41747572815532,AB McDonald,4.0,7.0,11.0
32,AB de Villiers,3163.0,1999.0,1997.0,1482.0,158.3875813720581,134.88529014844804,5181.0,3487.0,148.58044164037855,0,0.0,0.0,0.0
33,AC Blizzard,43.0,77.0,30.0,61.0,143.33333333333334,126.22950819672131,120.0,91.0,131.86813186813185,0,0.0,0.0,0.0
34,AC Gilchrist,943.0,1126.0,763.0,792.0,123.59108781127131,142.17171717171718,2069.0,1555.0,133.05466237942122,AC Gilchrist,0.0,1.0,1.0
35,AC Thomas,0.0,20.0,2.0,17.0,0.0,117.64705882352942,20.0,19.0,105.26315789473684,AC Thomas,8.0,6.0,14.0
36,AC Voges,138.0,43.0,99.0,44.0,139.3939393939394,97.72727272727273,181.0,143.0,126.57342657342659,AC Voges,0.0,0.0,0.0
37,AD Hales,52.0,96.0,53.0,66.0,98.11320754716981,145.45454545454547,148.0,119.0,124.36974789915966,0,0.0,0.0,0.0
38,AD Mascarenhas,44.0,35.0,47.0,32.0,93.61702127659575,109.375,79.0,79.0,100.0,AD Mascarenhas,15.0,4.0,19.0
39,AD Mathews,410.0,314.0,325.0,274.0,126.15384615384615,114.59854014598541,724.0,599.0,120.86811352253757,AD Mathews,11.0,16.0,27.0
40,AD Nath,66.0,24.0,68.0,31.0,97.05882352941177,77.41935483870968,90.0,99.0,90.9090909090909,0,0.0,0.0,0.0
41,AD Russell,1399.0,1085.0,838.0,674.0,166.94510739856804,160.9792284866469,2488.0,1515.0,164.22442244224422,AD Russell,69.0,46.0,115.0
42,AF Milne,1.0,22.0,2.0,29.0,50.0,75.86206896551724,23.0,31.0,74.19354838709677,AF Milne,5.0,2.0,7.0
43,AG Murtaza,2.0,8.0,5.0,9.0,40.0,88.88888888888889,10.0,14.0,71.42857142857143,AG Murtaza,3.0,6.0,9.0
44,AG Paunikar,24.0,25.0,34.0,27.0,70.58823529411765,92.5925925925926,49.0,61.0,80.32786885245902,0,0.0,0.0,0.0
45,AJ Finch,1104.0,987.0,910.0,782.0,121.31868131868131,126.21483375959079,2092.0,1696.0,123.34905660377358,AJ Finch,1.0,0.0,1.0
46,AJ Hosein,16.0,0.0,11.0,0.0,145.45454545454547,0.0,16.0,11.0,145.45454545454547,AJ Hosein,0.0,1.0,1.0
47,AJ Turner,0.0,24.0,1.0,30.0,0.0,80.0,24.0,31.0,77.41935483870968,0,0.0,0.0,0.0
48,AJ Tye,38.0,53.0,40.0,39.0,95.0,135.8974358974359,91.0,79.0,115.18987341772151,AJ Tye,31.0,11.0,42.0
49,AK Markram,390.0,605.0,326.0,461.0,119.6319018404908,131.236442516269,995.0,787.0,126.4294790343075,AK Markram,2.0,0.0,2.0
50,AL Menaria,250.0,151.0,237.0,130.0,105.48523206751055,116.15384615384616,401.0,367.0,109.26430517711172,AL Menaria,2.0,1.0,3.0
51,AM Nayar,357.0,315.0,308.0,280.0,115.90909090909092,112.5,672.0,588.0,114.28571428571428,AM Nayar,2.0,7.0,9.0
52,AM Rahane,2394.0,2248.0,1947.0,1911.0,122.95839753466873,117.63474620617478,4642.0,3858.0,120.32141005702437,AM Rahane,1.0,0.0,1.0
53,0,0.0,0.0,0.0,0.0,0.0,0.0,0.0,0.0,0.0,AM Salvi,5.0,2.0,7.0
54,AN Ahmed,4.0,32.0,2.0,25.0,200.0,128.0,36.0,27.0,133.33333333333331,AN Ahmed,10.0,2.0,12.0
55,AN Ghosh,7.0,0.0,7.0,1.0,100.0,0.0,7.0,8.0,87.5,0,0.0,0.0,0.0
56,AP Dole,4.0,30.0,4.0,19.0,100.0,157.89473684210526,34.0,23.0,147.82608695652172,AP Dole,3.0,2.0,5.0
57,AP Majumdar,30.0,57.0,20.0,57.0,150.0,100.0,87.0,77.0,112.98701298701299,0,0.0,0.0,0.0
58,AP Tare,197.0,142.0,175.0,110.0,112.57142857142857,129.0909090909091,339.0,285.0,118.94736842105263,0,0.0,0.0,0.0
59,AR Bawne,12.0,0.0,12.0,0.0,100.0,0.0,12.0,12.0,100.0,0,0.0,0.0,0.0
60,AR Patel,839.0,814.0,685.0,633.0,122.48175182481751,128.59399684044234,1653.0,1318.0,125.41729893778452,AR Patel,61.0,62.0,123.0
61,AS Joseph,5.0,22.0,6.0,26.0,83.33333333333334,84.61538461538461,27.0,32.0,84.375,AS Joseph,12.0,9.0,21.0
62,AS Rajpoot,7.0,19.0,16.0,25.0,43.75,76.0,26.0,41.0,63.41463414634146,AS Rajpoot,12.0,12.0,24.0
63,AS Raut,79.0,115.0,74.0,98.0,106.75675675675676,117.34693877551021,194.0,172.0,112.79069767441861,AS Raut,0.0,0.0,0.0
64,AS Roy,22.0,4.0,17.0,7.0,129.41176470588235,57.14285714285714,26.0,24.0,108.33333333333333,AS Roy,1.0,4.0,5.0
65,AS Yadav,46.0,3.0,36.0,4.0,127.77777777777777,75.0,49.0,40.0,122.50000000000001,0,0.0,0.0,0.0
66,AT Carey,28.0,4.0,22.0,7.0,127.27272727272727,57.14285714285714,32.0,29.0,110.34482758620689,0,0.0,0.0,0.0
67,AT Rayudu,2147.0,2201.0,1659.0,1831.0,129.41531042796865,120.20753686510103,4348.0,3490.0,124.58452722063038,0,0.0,0.0,0.0
68,AU Rashid,4.0,18.0,3.0,14.0,133.33333333333331,128.57142857142858,22.0,17.0,129.41176470588235,AU Rashid,0.0,2.0,2.0
69,AUK Pathan,2.0,37.0,7.0,19.0,28.57142857142857,194.73684210526315,39.0,26.0,150.0,AUK Pathan,0.0,0.0,0.0
70,Abdul Basith,0.0,1.0,0.0,1.0,0.0,100.0,1.0,1.0,100.0,0,0.0,0.0,0.0
71,Abdul Samad,313.0,264.0,202.0,204.0,154.95049504950495,129.41176470588235,579.0,408.0,141.91176470588235,Abdul Samad,1.0,1.0,2.0
72,Abdur Razzak,0.0,0.0,0.0,2.0,0.0,0.0,0.0,2.0,0.0,Abdur Razzak,0.0,0.0,0.0
73,Abhishek Sharma,647.0,730.0,433.0,492.0,149.42263279445726,148.3739837398374,1377.0,925.0,148.86486486486484,Abhishek Sharma,6.0,5.0,11.0
74,Abishek Porel,239.0,121.0,146.0,98.0,163.6986301369863,123.46938775510203,360.0,244.0,147.54098360655738,0,0.0,0.0,0.0
75,Akash Deep,2.0,17.0,2.0,10.0,100.0,170.0,19.0,12.0,158.33333333333331,Akash Deep,5.0,2.0,7.0
76,Akash Madhwal,4.0,0.0,5.0,0.0,80.0,0.0,4.0,5.0,80.0,Akash Madhwal,6.0,13.0,19.0
77,0,0.0,0.0,0.0,0.0,0.0,0.0,0.0,0.0,0.0,Akash Singh,3.0,2.0,5.0
78,Aman Hakim Khan,68.0,47.0,57.0,52.0,119.29824561403508,90.38461538461539,115.0,109.0,105.50458715596329,Aman Hakim Khan,0.0,0.0,0.0
79,0,0.0,0.0,0.0,0.0,0.0,0.0,0.0,0.0,0.0,Anand Rajan,2.0,6.0,8.0
80,Anirudh Singh,40.0,23.0,43.0,26.0,93.02325581395348,88.46153846153845,63.0,69.0,91.30434782608695,0,0.0,0.0,0.0
81,Ankit Sharma,58.0,29.0,48.0,21.0,120.83333333333333,138.0952380952381,87.0,69.0,126.08695652173914,Ankit Sharma,6.0,6.0,12.0
82,Ankit Soni,7.0,0.0,9.0,0.0,77.77777777777779,0.0,7.0,9.0,77.77777777777779,Ankit Soni,1.0,1.0,2.0
83,Anmolpreet Singh,80.0,59.0,69.0,48.0,115.94202898550725,122.91666666666667,139.0,117.0,118.80341880341881,0,0.0,0.0,0.0
84,Anuj Rawat,166.0,152.0,126.0,150.0,131.74603174603175,101.33333333333334,318.0,276.0,115.21739130434783,0,0.0,0.0,0.0
85,Anureet Singh,11.0,25.0,8.0,39.0,137.5,64.1025641025641,36.0,47.0,76.59574468085107,Anureet Singh,9.0,9.0,18.0
86,Arjun Tendulkar,0.0,13.0,0.0,9.0,0.0,144.44444444444443,13.0,9.0,144.44444444444443,Arjun Tendulkar,2.0,1.0,3.0
87,Arshad Khan,38.0,58.0,33.0,34.0,115.15151515151516,170.58823529411765,96.0,67.0,143.28358208955223,Arshad Khan,5.0,1.0,6.0
88,Arshad Khan (2),5.0,0.0,4.0,0.0,125.0,0.0,5.0,4.0,125.0,Arshad Khan (2),0.0,0.0,0.0
89,Arshdeep Singh,21.0,8.0,27.0,15.0,77.77777777777779,53.333333333333336,29.0,42.0,69.04761904761905,Arshdeep Singh,42.0,34.0,76.0
90,Ashutosh Sharma,36.0,153.0,28.0,90.0,128.57142857142858,170.0,189.0,118.0,160.16949152542372,0,0.0,0.0,0.0
91,Atharva Taide,109.0,138.0,72.0,105.0,151.38888888888889,131.42857142857142,247.0,177.0,139.54802259887003,Atharva Taide,0.0,0.0,0.0
92,Avesh Khan,10.0,31.0,10.0,15.0,100.0,206.66666666666669,41.0,25.0,164.0,Avesh Khan,39.0,35.0,74.0
93,Azhar Mahmood,236.0,152.0,180.0,131.0,131.11111111111111,116.03053435114504,388.0,311.0,124.7588424437299,Azhar Mahmood,13.0,16.0,29.0
94,Azmatullah Omarzai,17.0,25.0,11.0,23.0,154.54545454545453,108.69565217391303,42.0,34.0,123.52941176470588,Azmatullah Omarzai,1.0,3.0,4.0
95,B Akhil,31.0,45.0,28.0,29.0,110.71428571428572,155.17241379310346,76.0,57.0,133.33333333333331,B Akhil,3.0,3.0,6.0
96,B Chipli,158.0,122.0,140.0,116.0,112.85714285714286,105.17241379310344,280.0,256.0,109.375,B Chipli,0.0,0.0,0.0
97,0,0.0,0.0,0.0,0.0,0.0,0.0,0.0,0.0,0.0,B Geeves,1.0,0.0,1.0
98,B Indrajith,6.0,15.0,8.0,23.0,75.0,65.21739130434783,21.0,31.0,67.74193548387096,0,0.0,0.0,0.0
99,B Kumar,99.0,207.0,105.0,233.0,94.28571428571428,88.8412017167382,306.0,338.0,90.53254437869822,B Kumar,102.0,79.0,181.0
100,B Laughlin,1.0,4.0,3.0,10.0,33.33333333333333,40.0,5.0,13.0,38.46153846153847,B Laughlin,5.0,5.0,10.0
101,B Lee,64.0,60.0,53.0,49.0,120.75471698113208,122.44897959183673,124.0,102.0,121.56862745098039,B Lee,18.0,7.0,25.0
102,B Sai Sudharsan,618.0,416.0,430.0,340.0,143.72093023255815,122.3529411764706,1034.0,770.0,134.28571428571428,0,0.0,0.0,0.0
103,B Stanlake,0.0,5.0,0.0,2.0,0.0,250.0,5.0,2.0,250.0,B Stanlake,5.0,2.0,7.0
104,B Sumanth,13.0,22.0,16.0,22.0,81.25,100.0,35.0,38.0,92.10526315789474,0,0.0,0.0,0.0
105,BA Bhatt,6.0,0.0,2.0,5.0,300.0,0.0,6.0,7.0,85.71428571428571,BA Bhatt,1.0,11.0,12.0
106,BA Stokes,351.0,584.0,306.0,412.0,114.70588235294117,141.74757281553397,935.0,718.0,130.22284122562675,BA Stokes,11.0,17.0,28.0
107,BAW Mendis,1.0,2.0,1.0,5.0,100.0,40.0,3.0,6.0,50.0,BAW Mendis,3.0,5.0,8.0
108,BB McCullum,1681.0,1199.0,1328.0,939.0,126.58132530120483,127.68903088391906,2882.0,2272.0,126.84859154929578,0,0.0,0.0,0.0
109,BB Samantray,110.0,15.0,102.0,14.0,107.84313725490196,107.14285714285714,125.0,116.0,107.75862068965519,0,0.0,0.0,0.0
110,BB Sran,2.0,8.0,3.0,11.0,66.66666666666666,72.72727272727273,10.0,14.0,71.42857142857143,BB Sran,9.0,9.0,18.0
111,BCJ Cutting,145.0,93.0,88.0,58.0,164.77272727272728,160.3448275862069,238.0,146.0,163.013698630137,BCJ Cutting,5.0,5.0,10.0
112,BE Hendricks,1.0,0.0,3.0,0.0,33.33333333333333,0.0,1.0,3.0,33.33333333333333,BE Hendricks,5.0,4.0,9.0
113,BJ Haddin,18.0,0.0,11.0,0.0,163.63636363636365,0.0,18.0,11.0,163.63636363636365,0,0.0,0.0,0.0
114,BJ Hodge,654.0,746.0,568.0,585.0,115.14084507042253,127.52136752136751,1400.0,1153.0,121.42237640936686,BJ Hodge,9.0,8.0,17.0
115,BJ Rohrer,91.0,102.0,69.0,76.0,131.8840579710145,134.21052631578948,193.0,146.0,132.1917808219178,BJ Rohrer,0.0,0.0,0.0
116,BMAJ Mendis,11.0,12.0,9.0,18.0,122.22222222222223,66.66666666666666,23.0,27.0,85.18518518518519,BMAJ Mendis,0.0,1.0,1.0
117,BR Dunk,15.0,25.0,14.0,22.0,107.14285714285714,113.63636363636364,40.0,36.0,111.11111111111111,0,0.0,0.0,0.0
118,BR Sharath,0.0,2.0,0.0,5.0,0.0,40.0,2.0,5.0,40.0,0,0.0,0.0,0.0
119,0,0.0,0.0,0.0,0.0,0.0,0.0,0.0,0.0,0.0,BW Hilfenhaus,12.0,10.0,22.0
120,Basil Thampi,21.0,11.0,24.0,13.0,87.5,84.61538461538461,32.0,37.0,86.48648648648648,Basil Thampi,7.0,15.0,22.0
121,Bipul Sharma,68.0,119.0,50.0,74.0,136.0,160.8108108108108,187.0,124.0,150.80645161290323,Bipul Sharma,8.0,9.0,17.0
122,0,0.0,0.0,0.0,0.0,0.0,0.0,0.0,0.0,0.0,C Ganapathy,0.0,0.0,0.0
123,C Green,367.0,340.0,249.0,223.0,147.3895582329317,152.46636771300447,707.0,472.0,149.78813559322032,C Green,7.0,9.0,16.0
124,C Madan,15.0,0.0,21.0,0.0,71.42857142857143,0.0,15.0,21.0,71.42857142857143,0,0.0,0.0,0.0
125,C Munro,118.0,59.0,88.0,56.0,134.0909090909091,105.35714285714286,177.0,144.0,122.91666666666667,C Munro,0.0,0.0,0.0
126,C Nanda,0.0,0.0,0.0,1.0,0.0,0.0,0.0,1.0,0.0,C Nanda,1.0,1.0,2.0
127,C Sakariya,15.0,5.0,20.0,11.0,75.0,45.45454545454545,20.0,31.0,64.51612903225806,C Sakariya,17.0,3.0,20.0
128,C de Grandhomme,133.0,170.0,79.0,150.0,168.35443037974684,113.33333333333333,303.0,229.0,132.31441048034935,C de Grandhomme,2.0,4.0,6.0
129,CA Ingram,78.0,127.0,62.0,121.0,125.80645161290323,104.95867768595042,205.0,183.0,112.02185792349727,0,0.0,0.0,0.0
130,CA Lynn,619.0,710.0,471.0,503.0,131.42250530785563,141.15308151093438,1329.0,974.0,136.4476386036961,0,0.0,0.0,0.0
131,CA Pujara,208.0,182.0,214.0,189.0,97.19626168224299,96.29629629629629,390.0,403.0,96.7741935483871,0,0.0,0.0,0.0
132,CH Gayle,2873.0,2092.0,1959.0,1543.0,146.65645737621236,135.5800388852884,4997.0,3516.0,142.1217292377702,CH Gayle,8.0,10.0,18.0
133,CH Morris,283.0,335.0,200.0,213.0,141.5,157.27699530516432,618.0,413.0,149.636803874092,CH Morris,59.0,36.0,96.0
134,CJ Anderson,307.0,231.0,258.0,178.0,118.99224806201549,129.7752808988764,538.0,436.0,123.39449541284404,CJ Anderson,8.0,3.0,11.0
135,0,0.0,0.0,0.0,0.0,0.0,0.0,0.0,0.0,0.0,CJ Dala,0.0,0.0,0.0
136,CJ Ferguson,42.0,56.0,51.0,68.0,82.35294117647058,82.35294117647058,98.0,119.0,82.35294117647058,0,0.0,0.0,0.0
137,0,0.0,0.0,0.0,0.0,0.0,0.0,0.0,0.0,0.0,CJ Green,0.0,0.0,0.0
138,CJ Jordan,53.0,28.0,52.0,29.0,101.92307692307692,96.55172413793103,81.0,81.0,100.0,CJ Jordan,17.0,13.0,30.0
139,CJ McKay,8.0,0.0,15.0,0.0,53.333333333333336,0.0,8.0,15.0,53.333333333333336,CJ McKay,1.0,0.0,1.0
140,CK Kapugedera,8.0,8.0,15.0,9.0,53.333333333333336,88.88888888888889,16.0,24.0,66.66666666666666,CK Kapugedera,0.0,0.0,0.0
141,CK Langeveldt,0.0,8.0,0.0,9.0,0.0,88.88888888888889,8.0,9.0,88.88888888888889,CK Langeveldt,11.0,2.0,13.0
142,CL White,666.0,288.0,481.0,288.0,138.46153846153845,100.0,971.0,774.0,125.45219638242895,CL White,0.0,1.0,1.0
143,CM Gautam,78.0,91.0,74.0,84.0,105.40540540540539,108.33333333333333,169.0,158.0,106.9620253164557,0,0.0,0.0,0.0
144,CR Brathwaite,147.0,34.0,90.0,30.0,163.33333333333334,113.33333333333333,181.0,120.0,150.83333333333334,CR Brathwaite,4.0,9.0,13.0
145,CR Woakes,49.0,29.0,49.0,28.0,100.0,103.57142857142858,78.0,77.0,101.29870129870129,CR Woakes,15.0,15.0,30.0
146,CRD Fernando,0.0,4.0,0.0,3.0,0.0,133.33333333333331,4.0,3.0,133.33333333333331,CRD Fernando,8.0,9.0,17.0
147,CV Varun,14.0,11.0,29.0,20.0,48.275862068965516,55.00000000000001,25.0,49.0,51.02040816326531,CV Varun,34.0,49.0,83.0
148,D Brevis,41.0,189.0,38.0,138.0,107.89473684210526,136.95652173913044,230.0,176.0,130.6818181818182,D Brevis,0.0,1.0,1.0
149,D Ferreira,7.0,1.0,8.0,3.0,87.5,33.33333333333333,8.0,11.0,72.72727272727273,0,0.0,0.0,0.0
150,0,0.0,0.0,0.0,0.0,0.0,0.0,0.0,0.0,0.0,D Jansen,1.0,0.0,1.0
151,D Kalyankrishna,3.0,0.0,8.0,0.0,37.5,0.0,3.0,8.0,37.5,D Kalyankrishna,0.0,2.0,2.0
152,D Padikkal,990.0,569.0,837.0,486.0,118.27956989247312,117.07818930041152,1559.0,1323.0,117.83824640967498,0,0.0,0.0,0.0
153,D Pretorius,0.0,44.0,1.0,27.0,0.0,162.96296296296296,44.0,28.0,157.14285714285714,D Pretorius,3.0,3.0,6.0
154,D Salunkhe,26.0,7.0,20.0,4.0,130.0,175.0,33.0,24.0,137.5,D Salunkhe,1.0,0.0,1.0
155,D Wiese,48.0,100.0,30.0,75.0,160.0,133.33333333333331,148.0,105.0,140.95238095238096,D Wiese,13.0,3.0,16.0
156,D du Preez,10.0,0.0,13.0,0.0,76.92307692307693,0.0,10.0,13.0,76.92307692307693,D du Preez,3.0,1.0,4.0
157,DA Miller,1225.0,1699.0,937.0,1233.0,130.73639274279617,137.79399837793997,2924.0,2171.0,134.68447719944726,0,0.0,0.0,0.0
158,DA Warner,3280.0,3285.0,2449.0,2395.0,133.93221723152305,137.16075156576198,6567.0,4849.0,135.4299855640338,DA Warner,0.0,0.0,0.0
159,DAJ Bracewell,0.0,12.0,0.0,9.0,0.0,133.33333333333331,12.0,9.0,133.33333333333331,DAJ Bracewell,3.0,0.0,3.0
160,DB Das,184.0,120.0,166.0,101.0,110.8433734939759,118.8118811881188,304.0,267.0,113.85767790262172,0,0.0,0.0,0.0
161,DB Ravi Teja,227.0,148.0,184.0,141.0,123.36956521739131,104.9645390070922,375.0,325.0,115.38461538461537,DB Ravi Teja,0.0,1.0,1.0
162,DE Bollinger,21.0,0.0,22.0,1.0,95.45454545454545,0.0,21.0,23.0,91.30434782608695,DE Bollinger,12.0,25.0,37.0
163,DG Nalkande,0.0,12.0,0.0,12.0,0.0,100.0,12.0,12.0,100.0,DG Nalkande,5.0,1.0,6.0
164,DH Yagnik,138.0,32.0,104.0,38.0,132.69230769230768,84.21052631578947,170.0,142.0,119.71830985915493,0,0.0,0.0,0.0
165,DJ Bravo,851.0,709.0,647.0,600.0,131.53013910355486,118.16666666666666,1560.0,1247.0,125.10024057738573,DJ Bravo,94.0,89.0,183.0
166,DJ Harris,66.0,45.0,59.0,44.0,111.86440677966101,102.27272727272727,111.0,103.0,107.76699029126213,DJ Harris,0.0,0.0,0.0
167,DJ Hooda,828.0,637.0,621.0,548.0,133.33333333333331,116.24087591240877,1466.0,1170.0,125.2991452991453,DJ Hooda,4.0,6.0,10.0
168,DJ Hussey,739.0,583.0,635.0,466.0,116.37795275590553,125.10729613733906,1322.0,1101.0,120.07266121707538,DJ Hussey,3.0,5.0,8.0
169,DJ Jacobs,69.0,23.0,78.0,23.0,88.46153846153845,100.0,92.0,101.0,91.0891089108911,0,0.0,0.0,0.0
170,DJ Malan,26.0,0.0,26.0,0.0,100.0,0.0,26.0,26.0,100.0,0,0.0,0.0,0.0
171,DJ Mitchell,181.0,170.0,155.0,119.0,116.77419354838709,142.85714285714286,351.0,274.0,128.1021897810219,DJ Mitchell,0.0,1.0,1.0
172,DJ Muthuswami,1.0,0.0,3.0,0.0,33.33333333333333,0.0,1.0,3.0,33.33333333333333,DJ Muthuswami,1.0,3.0,4.0
173,DJ Thornely,38.0,1.0,48.0,6.0,79.16666666666666,16.666666666666664,39.0,54.0,72.22222222222221,DJ Thornely,2.0,1.0,3.0
174,DJ Willey,4.0,49.0,2.0,62.0,200.0,79.03225806451613,53.0,64.0,82.8125,DJ Willey,4.0,2.0,6.0
175,DJG Sammy,220.0,75.0,188.0,63.0,117.02127659574468,119.04761904761905,295.0,251.0,117.52988047808766,DJG Sammy,3.0,8.0,11.0
176,DJM Short,67.0,48.0,71.0,31.0,94.36619718309859,154.83870967741936,115.0,102.0,112.74509803921569,DJM Short,0.0,1.0,1.0
177,DL Chahar,3.0,77.0,9.0,52.0,33.33333333333333,148.0769230769231,80.0,61.0,131.14754098360655,DL Chahar,39.0,38.0,77.0
178,DL Vettori,59.0,62.0,59.0,59.0,100.0,105.08474576271188,121.0,118.0,102.54237288135593,DL Vettori,18.0,10.0,28.0
179,DM Bravo,0.0,6.0,0.0,5.0,0.0,120.0,6.0,5.0,120.0,0,0.0,0.0,0.0
180,DNT Zoysa,1.0,10.0,2.0,7.0,50.0,142.85714285714286,11.0,9.0,122.22222222222223,DNT Zoysa,1.0,1.0,2.0
181,DP Conway,642.0,282.0,445.0,224.0,144.2696629213483,125.89285714285714,924.0,669.0,138.11659192825113,0,0.0,0.0,0.0
182,DP Nannes,0.0,4.0,0.0,13.0,0.0,30.76923076923077,4.0,13.0,30.76923076923077,DP Nannes,23.0,5.0,28.0
183,DP Vijaykumar,0.0,1.0,0.0,1.0,0.0,100.0,1.0,1.0,100.0,DP Vijaykumar,3.0,1.0,4.0
184,DPMD Jayawardene,760.0,1042.0,660.0,860.0,115.15151515151516,121.16279069767441,1808.0,1522.0,118.7910643889619,0,0.0,0.0,0.0
185,DR Martyn,19.0,0.0,26.0,0.0,73.07692307692307,0.0,19.0,26.0,73.07692307692307,0,0.0,0.0,0.0
186,DR Sams,15.0,29.0,10.0,38.0,150.0,76.31578947368422,44.0,48.0,91.66666666666666,DR Sams,9.0,5.0,14.0
187,DR Shorey,0.0,13.0,0.0,20.0,0.0,65.0,13.0,20.0,65.0,0,0.0,0.0,0.0
188,DR Smith,1105.0,1280.0,914.0,889.0,120.89715536105032,143.9820022497188,2385.0,1803.0,132.27953410981698,DR Smith,18.0,8.0,26.0
189,DS Kulkarni,25.0,79.0,23.0,90.0,108.69565217391303,87.77777777777777,104.0,113.0,92.03539823008849,DS Kulkarni,49.0,37.0,86.0
190,DS Lehmann,1.0,17.0,2.0,17.0,50.0,100.0,18.0,19.0,94.73684210526315,0,0.0,0.0,0.0
191,DT Christian,327.0,133.0,290.0,118.0,112.75862068965516,112.71186440677967,460.0,408.0,112.74509803921569,DT Christian,21.0,17.0,38.0
192,DT Patil,4.0,9.0,1.0,12.0,400.0,75.0,13.0,13.0,100.0,0,0.0,0.0,0.0
193,DW Steyn,91.0,76.0,69.0,94.0,131.8840579710145,80.85106382978722,167.0,163.0,102.45398773006136,DW Steyn,42.0,55.0,97.0
194,Dhruv Jurel,125.0,222.0,80.0,157.0,156.25,141.40127388535032,347.0,237.0,146.41350210970467,0,0.0,0.0,0.0
195,E Lewis,440.0,214.0,326.0,173.0,134.96932515337423,123.69942196531791,654.0,499.0,131.06212424849699,0,0.0,0.0,0.0
196,EJG Morgan,732.0,673.0,598.0,581.0,122.40802675585284,115.83476764199656,1406.0,1181.0,119.05165114309906,0,0.0,0.0,0.0
197,ER Dwivedi,24.0,0.0,15.0,0.0,160.0,0.0,24.0,15.0,160.0,0,0.0,0.0,0.0
198,F Behardien,5.0,9.0,5.0,8.0,100.0,112.5,14.0,13.0,107.6923076923077,0,0.0,0.0,0.0
199,F du Plessis,2520.0,2051.0,1902.0,1533.0,132.49211356466876,133.78995433789956,4571.0,3435.0,133.07132459970887,F du Plessis,0.0,0.0,0.0
200,FA Allen,6.0,8.0,11.0,8.0,54.54545454545454,100.0,14.0,19.0,73.68421052631578,FA Allen,1.0,1.0,2.0
201,FH Edwards,4.0,0.0,5.0,0.0,80.0,0.0,4.0,5.0,80.0,FH Edwards,1.0,4.0,5.0
202,FY Fazal,161.0,22.0,143.0,36.0,112.58741258741259,61.111111111111114,183.0,179.0,102.23463687150837,FY Fazal,0.0,0.0,0.0
203,Fazalhaq Farooqi,0.0,3.0,0.0,13.0,0.0,23.076923076923077,3.0,13.0,23.076923076923077,Fazalhaq Farooqi,3.0,3.0,6.0
204,G Coetzee,5.0,9.0,12.0,10.0,41.66666666666667,90.0,14.0,22.0,63.63636363636363,G Coetzee,5.0,8.0,13.0
205,G Gambhir,1757.0,2460.0,1408.0,2116.0,124.78693181818181,116.2570888468809,4217.0,3524.0,119.66515323496027,0,0.0,0.0,0.0
206,GB Hogg,0.0,22.0,0.0,22.0,0.0,100.0,22.0,22.0,100.0,GB Hogg,13.0,10.0,23.0
207,GC Smith,369.0,370.0,292.0,399.0,126.36986301369863,92.73182957393483,739.0,691.0,106.9464544138929,0,0.0,0.0,0.0
208,GC Viljoen,3.0,0.0,6.0,1.0,50.0,0.0,3.0,7.0,42.857142857142854,GC Viljoen,4.0,3.0,7.0
209,GD McGrath,0.0,4.0,0.0,5.0,0.0,80.0,4.0,5.0,80.0,GD McGrath,4.0,8.0,12.0
210,GD Phillips,10.0,55.0,22.0,33.0,45.45454545454545,166.66666666666669,65.0,55.0,118.18181818181819,GD Phillips,1.0,1.0,2.0
211,GH Vihari,105.0,179.0,131.0,200.0,80.1526717557252,89.5,284.0,331.0,85.80060422960725,GH Vihari,1.0,0.0,1.0
212,GHS Garton,0.0,2.0,1.0,3.0,0.0,66.66666666666666,2.0,4.0,50.0,GHS Garton,2.0,1.0,3.0
213,GJ Bailey,417.0,246.0,311.0,241.0,134.08360128617363,102.07468879668049,663.0,552.0,120.1086956521739,0,0.0,0.0,0.0
214,GJ Maxwell,1637.0,1134.0,1098.0,743.0,149.08925318761385,152.62449528936745,2772.0,1842.0,150.4885993485342,GJ Maxwell,16.0,21.0,37.0
215,GR Napier,15.0,0.0,16.0,0.0,93.75,0.0,15.0,16.0,93.75,GR Napier,0.0,1.0,1.0
216,0,0.0,0.0,0.0,0.0,0.0,0.0,0.0,0.0,0.0,GS Sandhu,1.0,0.0,1.0
217,0,0.0,0.0,0.0,0.0,0.0,0.0,0.0,0.0,0.0,Gagandeep Singh,2.0,1.0,3.0
218,Gulbadin Naib,19.0,0.0,15.0,0.0,126.66666666666666,0.0,19.0,15.0,126.66666666666666,Gulbadin Naib,0.0,0.0,0.0
219,Gurkeerat Singh,267.0,244.0,219.0,217.0,121.91780821917808,112.44239631336406,511.0,436.0,117.20183486238531,Gurkeerat Singh,1.0,4.0,5.0
220,0,0.0,0.0,0.0,0.0,0.0,0.0,0.0,0.0,0.0,Gurnoor Brar,0.0,0.0,0.0
221,H Das,0.0,2.0,0.0,5.0,0.0,40.0,2.0,5.0,40.0,0,0.0,0.0,0.0
222,H Klaasen,630.0,363.0,376.0,237.0,167.5531914893617,153.1645569620253,993.0,613.0,161.99021207177816,0,0.0,0.0,0.0
223,0,0.0,0.0,0.0,0.0,0.0,0.0,0.0,0.0,0.0,H Sharma,0.0,0.0,0.0
224,HC Brook,148.0,42.0,99.0,60.0,149.4949494949495,70.0,190.0,159.0,119.49685534591194,0,0.0,0.0,0.0
225,HE van der Dussen,16.0,6.0,14.0,11.0,114.28571428571428,54.54545454545454,22.0,25.0,88.0,0,0.0,0.0,0.0
226,HF Gurney,1.0,0.0,5.0,0.0,20.0,0.0,1.0,5.0,20.0,HF Gurney,4.0,3.0,7.0
227,HH Gibbs,472.0,414.0,421.0,416.0,112.11401425178147,99.51923076923077,886.0,837.0,105.8542413381123,0,0.0,0.0,0.0
228,HH Pandya,1481.0,1044.0,1046.0,762.0,141.58699808795413,137.00787401574803,2534.0,1814.0,139.69128996692393,HH Pandya,34.0,30.0,64.0
229,HM Amla,426.0,151.0,286.0,132.0,148.95104895104896,114.3939393939394,577.0,418.0,138.03827751196172,0,0.0,0.0,0.0
230,HR Shokeen,48.0,18.0,44.0,23.0,109.09090909090908,78.26086956521739,66.0,67.0,98.50746268656717,HR Shokeen,5.0,0.0,5.0
231,HV Patel,126.0,123.0,107.0,107.0,117.75700934579439,114.95327102803739,249.0,214.0,116.35514018691589,HV Patel,71.0,64.0,135.0
232,Harbhajan Singh,447.0,386.0,313.0,323.0,142.81150159744408,119.5046439628483,833.0,636.0,130.9748427672956,Harbhajan Singh,58.0,92.0,150.0
233,Harmeet Singh,14.0,4.0,6.0,6.0,233.33333333333334,66.66666666666666,18.0,12.0,150.0,Harmeet Singh,16.0,10.0,26.0
234,0,0.0,0.0,0.0,0.0,0.0,0.0,0.0,0.0,0.0,Harmeet Singh (2),0.0,1.0,1.0
235,Harpreet Brar,169.0,64.0,139.0,62.0,121.58273381294964,103.2258064516129,233.0,201.0,115.92039800995025,Harpreet Brar,11.0,14.0,25.0
236,Harpreet Singh,68.0,55.0,66.0,53.0,103.03030303030303,103.77358490566037,123.0,119.0,103.36134453781514,0,0.0,0.0,0.0
237,Harshit Rana,0.0,2.0,2.0,1.0,0.0,200.0,2.0,3.0,66.66666666666666,Harshit Rana,10.0,15.0,25.0
238,I Malhotra,7.0,0.0,4.0,0.0,175.0,0.0,7.0,4.0,175.0,I Malhotra,0.0,0.0,0.0
239,I Sharma,32.0,25.0,30.0,41.0,106.66666666666667,60.97560975609756,57.0,71.0,80.28169014084507,I Sharma,43.0,49.0,92.0
240,I Udana,14.0,1.0,8.0,3.0,175.0,33.33333333333333,15.0,11.0,136.36363636363635,I Udana,3.0,5.0,8.0
241,IC Pandey,0.0,0.0,0.0,2.0,0.0,0.0,0.0,2.0,0.0,IC Pandey,4.0,14.0,18.0
242,0,0.0,0.0,0.0,0.0,0.0,0.0,0.0,0.0,0.0,IC Porel,1.0,0.0,1.0
243,IK Pathan,562.0,577.0,502.0,479.0,111.95219123505976,120.45929018789143,1150.0,985.0,116.75126903553299,IK Pathan,47.0,33.0,80.0
244,IR Jaggi,68.0,8.0,83.0,17.0,81.92771084337349,47.05882352941176,76.0,100.0,76.0,0,0.0,0.0,0.0
245,IS Sodhi,7.0,0.0,18.0,0.0,38.88888888888889,0.0,7.0,18.0,38.88888888888889,IS Sodhi,3.0,6.0,9.0
246,Imran Tahir,20.0,13.0,18.0,19.0,111.11111111111111,68.42105263157895,33.0,37.0,89.1891891891892,Imran Tahir,45.0,37.0,82.0
247,Iqbal Abdulla,9.0,79.0,14.0,72.0,64.28571428571429,109.72222222222223,88.0,86.0,102.32558139534885,Iqbal Abdulla,15.0,25.0,40.0
248,Ishan Kishan,1242.0,1402.0,979.0,1012.0,126.86414708886619,138.53754940711462,2644.0,1991.0,132.79758915118032,0,0.0,0.0,0.0
249,J Arunkumar,1.0,22.0,3.0,21.0,33.33333333333333,104.76190476190477,23.0,24.0,95.83333333333334,0,0.0,0.0,0.0
250,J Botha,138.0,271.0,131.0,233.0,105.34351145038168,116.30901287553648,409.0,364.0,112.36263736263736,J Botha,8.0,17.0,25.0
251,J Fraser-McGurk,169.0,161.0,74.0,76.0,228.3783783783784,211.84210526315786,330.0,150.0,220.00000000000003,0,0.0,0.0,0.0
252,0,0.0,0.0,0.0,0.0,0.0,0.0,0.0,0.0,0.0,J Little,5.0,6.0,11.0
253,J Suchith,10.0,60.0,9.0,53.0,111.11111111111111,113.20754716981132,70.0,62.0,112.90322580645163,J Suchith,13.0,6.0,19.0
254,J Syed Mohammad,0.0,29.0,0.0,27.0,0.0,107.40740740740742,29.0,27.0,107.40740740740742,J Syed Mohammad,3.0,5.0,8.0
255,J Theron,0.0,10.0,2.0,11.0,0.0,90.9090909090909,10.0,13.0,76.92307692307693,J Theron,3.0,6.0,11.0
256,J Yadav,40.0,0.0,38.0,0.0,105.26315789473684,0.0,40.0,38.0,105.26315789473684,J Yadav,6.0,2.0,8.0
257,JA Morkel,515.0,459.0,397.0,314.0,129.72292191435767,146.17834394904457,975.0,712.0,136.93820224719101,JA Morkel,39.0,46.0,85.0
258,JA Richardson,15.0,2.0,25.0,2.0,60.0,100.0,17.0,27.0,62.96296296296296,JA Richardson,0.0,3.0,3.0
259,JC Archer,83.0,116.0,56.0,76.0,148.21428571428572,152.63157894736844,199.0,132.0,150.75757575757575,JC Archer,41.0,7.0,48.0
260,JC Buttler,1779.0,1803.0,1318.0,1199.0,134.9772382397572,150.37531276063388,3583.0,2519.0,142.23898372369987,0,0.0,0.0,0.0
261,JD Ryder,297.0,307.0,219.0,247.0,135.6164383561644,124.29149797570851,604.0,466.0,129.6137339055794,JD Ryder,3.0,5.0,8.0
262,JD Unadkat,84.0,113.0,73.0,97.0,115.06849315068493,116.49484536082475,197.0,170.0,115.88235294117648,JD Unadkat,59.0,40.0,99.0
263,JDP Oram,97.0,9.0,102.0,8.0,95.09803921568627,112.5,106.0,110.0,96.36363636363636,JDP Oram,4.0,5.0,9.0
264,JDS Neesham,28.0,64.0,36.0,57.0,77.77777777777779,112.28070175438596,92.0,93.0,98.9247311827957,JDS Neesham,5.0,3.0,8.0
265,JE Root,0.0,10.0,0.0,15.0,0.0,66.66666666666666,10.0,15.0,66.66666666666666,JE Root,0.0,0.0,0.0
266,JE Taylor,1.0,2.0,2.0,2.0,50.0,100.0,3.0,4.0,75.0,JE Taylor,6.0,0.0,6.0
267,JEC Franklin,118.0,209.0,88.0,221.0,134.0909090909091,94.57013574660633,327.0,309.0,105.8252427184466,JEC Franklin,9.0,0.0,9.0
268,JH Kallis,934.0,1493.0,853.0,1438.0,109.49589683470104,103.82475660639778,2427.0,2291.0,105.93627237014405,JH Kallis,37.0,28.0,65.0
269,JJ Bumrah,32.0,36.0,34.0,46.0,94.11764705882352,78.26086956521739,68.0,80.0,85.0,JJ Bumrah,85.0,80.0,168.0
270,JJ Roy,272.0,342.0,240.0,220.0,113.33333333333333,155.45454545454544,614.0,460.0,133.47826086956522,0,0.0,0.0,0.0
271,JJ van der Wath,0.0,18.0,0.0,17.0,0.0,105.88235294117648,18.0,17.0,105.88235294117648,JJ van der Wath,3.0,0.0,3.0
272,JL Denly,0.0,0.0,1.0,0.0,0.0,0.0,0.0,1.0,0.0,0,0.0,0.0,0.0
273,JL Pattinson,15.0,0.0,13.0,0.0,115.38461538461537,0.0,15.0,13.0,115.38461538461537,JL Pattinson,0.0,11.0,11.0
274,JM Bairstow,524.0,1065.0,387.0,745.0,135.40051679586566,142.95302013422818,1589.0,1132.0,140.37102473498234,0,0.0,0.0,0.0
275,JM Kemp,0.0,26.0,0.0,25.0,0.0,104.0,26.0,25.0,104.0,JM Kemp,0.0,3.0,3.0
276,JM Sharma,491.0,239.0,322.0,179.0,152.48447204968946,133.5195530726257,730.0,501.0,145.70858283433134,0,0.0,0.0,0.0
277,JO Holder,108.0,151.0,88.0,129.0,122.72727272727273,117.05426356589147,259.0,217.0,119.35483870967742,JO Holder,34.0,19.0,53.0
278,JP Behrendorff,0.0,6.0,0.0,9.0,0.0,66.66666666666666,6.0,9.0,66.66666666666666,JP Behrendorff,12.0,7.0,19.0
279,JP Duminy,1342.0,687.0,1064.0,616.0,126.12781954887218,111.52597402597402,2029.0,1680.0,120.77380952380952,JP Duminy,12.0,11.0,23.0
280,JP Faulkner,225.0,302.0,193.0,212.0,116.580310880829,142.45283018867926,527.0,406.0,129.80295566502463,JP Faulkner,32.0,27.0,61.0
281,JPR Scantlebury-Searles,8.0,0.0,6.0,0.0,133.33333333333331,0.0,8.0,6.0,133.33333333333331,JPR Scantlebury-Searles,1.0,1.0,2.0
282,JR Hazlewood,5.0,14.0,15.0,14.0,33.33333333333333,100.0,19.0,29.0,65.51724137931035,JR Hazlewood,12.0,23.0,35.0
283,JR Hopes,154.0,263.0,125.0,189.0,123.2,139.15343915343917,417.0,314.0,132.80254777070064,JR Hopes,8.0,6.0,14.0
284,JR Philippe,78.0,0.0,77.0,3.0,101.29870129870129,0.0,78.0,80.0,97.5,0,0.0,0.0,0.0
285,0,0.0,0.0,0.0,0.0,0.0,0.0,0.0,0.0,0.0,JW Hastings,2.0,1.0,3.0
286,0,0.0,0.0,0.0,0.0,0.0,0.0,0.0,0.0,0.0,Jalaj S Saxena,0.0,0.0,0.0
287,Jaskaran Singh,3.0,5.0,3.0,8.0,100.0,62.5,8.0,11.0,72.72727272727273,Jaskaran Singh,5.0,1.0,6.0
288,Joginder Sharma,16.0,20.0,11.0,19.0,145.45454545454547,105.26315789473684,36.0,30.0,120.0,Joginder Sharma,3.0,9.0,12.0
289,K Goel,121.0,97.0,117.0,122.0,103.41880341880344,79.50819672131148,218.0,239.0,91.21338912133892,K Goel,0.0,0.0,0.0
290,K Gowtham,69.0,178.0,47.0,112.0,146.80851063829786,158.92857142857142,247.0,159.0,155.34591194968556,K Gowtham,10.0,11.0,21.0
291,K Kartikeya,0.0,9.0,0.0,13.0,0.0,69.23076923076923,9.0,13.0,69.23076923076923,K Kartikeya,7.0,3.0,10.0
292,0,0.0,0.0,0.0,0.0,0.0,0.0,0.0,0.0,0.0,K Khejroliya,5.0,0.0,5.0
293,K Rabada,80.0,126.0,81.0,126.0,98.76543209876543,100.0,206.0,207.0,99.51690821256038,K Rabada,56.0,61.0,120.0
294,0,0.0,0.0,0.0,0.0,0.0,0.0,0.0,0.0,0.0,K Santokie,1.0,2.0,3.0
295,K Upadhyay,0.0,12.0,0.0,9.0,0.0,133.33333333333331,12.0,9.0,133.33333333333331,K Upadhyay,0.0,0.0,0.0
296,K Yadav,0.0,0.0,4.0,0.0,0.0,0.0,0.0,4.0,0.0,K Yadav,0.0,2.0,2.0
297,KA Jamieson,29.0,36.0,27.0,28.0,107.40740740740742,128.57142857142858,65.0,55.0,118.18181818181819,KA Jamieson,4.0,5.0,9.0
298,KA Maharaj,0.0,1.0,0.0,2.0,0.0,50.0,1.0,2.0,50.0,KA Maharaj,2.0,0.0,2.0
299,KA Pollard,1862.0,1550.0,1352.0,1081.0,137.72189349112426,143.38575393154485,3437.0,2447.0,140.45770331017573,KA Pollard,31.0,38.0,69.0
300,KAJ Roach,0.0,10.0,0.0,9.0,0.0,111.11111111111111,10.0,9.0,111.11111111111111,KAJ Roach,0.0,0.0,0.0
301,KB Arun Karthik,24.0,27.0,27.0,26.0,88.88888888888889,103.84615384615385,51.0,53.0,96.22641509433963,0,0.0,0.0,0.0
302,KC Cariappa,10.0,14.0,6.0,15.0,166.66666666666669,93.33333333333333,24.0,21.0,114.28571428571428,KC Cariappa,4.0,4.0,8.0
303,KC Sangakkara,1088.0,599.0,902.0,522.0,120.62084257206209,114.75095785440612,1687.0,1424.0,118.4691011235955,0,0.0,0.0,0.0
304,KD Karthik,2743.0,2099.0,2055.0,1629.0,133.4793187347932,128.85205647636587,4843.0,3687.0,131.35340385136968,0,0.0,0.0,0.0
305,KH Pandya,931.0,716.0,726.0,561.0,128.23691460055096,127.62923351158646,1647.0,1287.0,127.97202797202797,KH Pandya,31.0,45.0,76.0
306,KJ Abbott,13.0,0.0,7.0,1.0,185.71428571428572,0.0,13.0,8.0,162.5,KJ Abbott,2.0,0.0,2.0
307,KK Ahmed,0.0,1.0,0.0,7.0,0.0,14.285714285714285,1.0,7.0,14.285714285714285,KK Ahmed,39.0,35.0,74.0
308,KK Cooper,54.0,62.0,31.0,39.0,174.19354838709677,158.97435897435898,116.0,70.0,165.71428571428572,KK Cooper,11.0,22.0,33.0
309,KK Nair,765.0,731.0,610.0,582.0,125.40983606557377,125.60137457044674,1496.0,1192.0,125.503355704698,0,0.0,0.0,0.0
310,KL Nagarkoti,15.0,7.0,22.0,12.0,68.18181818181817,58.333333333333336,22.0,34.0,64.70588235294117,KL Nagarkoti,1.0,4.0,5.0
311,KL Rahul,2373.0,2310.0,1819.0,1753.0,130.45629466739967,131.77410154021678,4689.0,3578.0,131.05086640581328,0,0.0,0.0,0.0
312,KM Asif,0.0,0.0,0.0,2.0,0.0,0.0,0.0,2.0,0.0,KM Asif,3.0,4.0,7.0
313,KM Jadhav,620.0,588.0,470.0,542.0,131.91489361702128,108.4870848708487,1208.0,1012.0,119.36758893280633,0,0.0,0.0,0.0
314,KMA Paul,13.0,5.0,22.0,4.0,59.09090909090909,125.0,18.0,26.0,69.23076923076923,KMA Paul,5.0,4.0,9.0
315,KMDN Kulasekara,0.0,5.0,0.0,3.0,0.0,166.66666666666669,5.0,3.0,166.66666666666669,KMDN Kulasekara,3.0,2.0,5.0
316,KP Appanna,0.0,2.0,1.0,3.0,0.0,66.66666666666666,2.0,4.0,50.0,KP Appanna,2.0,7.0,9.0
317,KP Pietersen,361.0,640.0,272.0,486.0,132.72058823529412,131.6872427983539,1001.0,758.0,132.05804749340368,KP Pietersen,6.0,1.0,7.0
318,KR Mayers,221.0,158.0,147.0,129.0,150.34013605442175,122.48062015503875,379.0,276.0,137.31884057971016,KR Mayers,0.0,0.0,0.0
319,KR Sen,0.0,0.0,0.0,3.0,0.0,0.0,0.0,3.0,0.0,KR Sen,4.0,10.0,14.0
320,KS Bharat,57.0,142.0,60.0,108.0,95.0,131.4814814814815,199.0,168.0,118.45238095238095,0,0.0,0.0,0.0
321,KS Sharma,12.0,4.0,21.0,4.0,57.14285714285714,100.0,16.0,25.0,64.0,0,0.0,0.0,0.0
322,KS Williamson,1051.0,1077.0,801.0,930.0,131.21098626716605,115.80645161290322,2132.0,1734.0,122.95271049596307,KS Williamson,0.0,0.0,0.0
323,0,0.0,0.0,0.0,0.0,0.0,0.0,0.0,0.0,0.0,KT Maphaka,0.0,1.0,1.0
324,KV Sharma,141.0,210.0,133.0,173.0,106.01503759398496,121.38728323699422,351.0,306.0,114.70588235294117,KV Sharma,30.0,46.0,76.0
325,KW Richardson,9.0,27.0,17.0,22.0,52.94117647058824,122.72727272727273,36.0,39.0,92.3076923076923,KW Richardson,11.0,8.0,19.0
326,Kamran Akmal,53.0,75.0,28.0,50.0,189.28571428571428,150.0,128.0,78.0,164.1025641025641,0,0.0,0.0,0.0
327,Kamran Khan,0.0,3.0,0.0,5.0,0.0,60.0,3.0,5.0,60.0,Kamran Khan,3.0,6.0,10.0
328,Karanveer Singh,0.0,12.0,0.0,17.0,0.0,70.58823529411765,12.0,17.0,70.58823529411765,Karanveer Singh,6.0,6.0,12.0
329,Kartik Tyagi,2.0,11.0,4.0,12.0,50.0,91.66666666666666,13.0,16.0,81.25,Kartik Tyagi,11.0,4.0,15.0
330,Kuldeep Yadav,77.0,106.0,75.0,149.0,102.66666666666666,71.14093959731544,183.0,224.0,81.69642857142857,Kuldeep Yadav,50.0,37.0,87.0
331,Kumar Kushagra,1.0,2.0,3.0,4.0,33.33333333333333,50.0,3.0,7.0,42.857142857142854,0,0.0,0.0,0.0
332,L Ablish,0.0,0.0,0.0,2.0,0.0,0.0,0.0,2.0,0.0,L Ablish,3.0,0.0,3.0
333,L Balaji,20.0,16.0,29.0,21.0,68.96551724137932,76.19047619047619,36.0,50.0,72.0,L Balaji,32.0,44.0,76.0
334,0,0.0,0.0,0.0,0.0,0.0,0.0,0.0,0.0,0.0,L Ngidi,20.0,5.0,25.0
335,L Ronchi,21.0,13.0,24.0,13.0,87.5,100.0,34.0,37.0,91.8918918918919,0,0.0,0.0,0.0
336,L Wood,0.0,9.0,0.0,3.0,0.0,300.0,9.0,3.0,300.0,L Wood,1.0,0.0,1.0
337,LA Carseldine,25.0,56.0,17.0,54.0,147.05882352941177,103.7037037037037,81.0,71.0,114.08450704225352,LA Carseldine,1.0,0.0,1.0
338,LA Pomersbach,119.0,183.0,85.0,166.0,140.0,110.24096385542168,302.0,251.0,120.3187250996016,0,0.0,0.0,0.0
339,LB Williams,1.0,0.0,2.0,0.0,50.0,0.0,1.0,2.0,50.0,LB Williams,0.0,1.0,1.0
340,LE Plunkett,1.0,0.0,2.0,1.0,50.0,0.0,1.0,3.0,33.33333333333333,LE Plunkett,3.0,1.0,4.0
341,LH Ferguson,49.0,19.0,34.0,14.0,144.11764705882354,135.71428571428572,68.0,48.0,141.66666666666669,LH Ferguson,15.0,31.0,48.0
342,0,0.0,0.0,0.0,0.0,0.0,0.0,0.0,0.0,0.0,LI Meriwala,1.0,0.0,1.0
343,LJ Wright,78.0,28.0,35.0,28.0,222.85714285714286,100.0,106.0,63.0,168.25396825396825,LJ Wright,2.0,0.0,2.0
344,LMP Simmons,663.0,416.0,551.0,327.0,120.32667876588022,127.21712538226299,1079.0,878.0,122.89293849658314,LMP Simmons,0.0,1.0,1.0
345,LPC Silva,23.0,17.0,12.0,15.0,191.66666666666669,113.33333333333333,40.0,27.0,148.14814814814815,LPC Silva,0.0,0.0,0.0
346,LR Shukla,268.0,137.0,209.0,149.0,128.22966507177034,91.94630872483222,405.0,358.0,113.12849162011173,LR Shukla,7.0,8.0,15.0
347,LRPL Taylor,308.0,709.0,293.0,554.0,105.11945392491468,127.9783393501805,1017.0,847.0,120.07083825265643,LRPL Taylor,0.0,0.0,0.0
348,LS Livingstone,531.0,408.0,362.0,247.0,146.68508287292818,165.1821862348178,939.0,609.0,154.1871921182266,LS Livingstone,5.0,6.0,11.0
349,Lalit Yadav,61.0,244.0,72.0,229.0,84.72222222222221,106.55021834061135,305.0,301.0,101.32890365448506,Lalit Yadav,7.0,3.0,10.0
350,Liton Das,4.0,0.0,4.0,0.0,100.0,0.0,4.0,4.0,100.0,0,0.0,0.0,0.0
351,M Ashwin,21.0,14.0,32.0,18.0,65.625,77.77777777777779,35.0,50.0,70.0,M Ashwin,12.0,23.0,35.0
352,M Jansen,42.0,24.0,46.0,25.0,91.30434782608695,96.0,66.0,71.0,92.95774647887323,M Jansen,15.0,5.0,20.0
353,M Kaif,87.0,172.0,96.0,162.0,90.625,106.17283950617285,259.0,258.0,100.3875968992248,0,0.0,0.0,0.0
354,M Kartik,78.0,35.0,73.0,36.0,106.84931506849315,97.22222222222221,113.0,109.0,103.6697247706422,M Kartik,13.0,18.0,31.0
355,M Klinger,53.0,20.0,51.0,27.0,103.921568627451,74.07407407407408,73.0,78.0,93.58974358974359,0,0.0,0.0,0.0
356,M Manhas,222.0,292.0,201.0,285.0,110.44776119402985,102.4561403508772,514.0,486.0,105.76131687242798,M Manhas,0.0,0.0,0.0
357,M Markande,23.0,25.0,17.0,27.0,135.29411764705884,92.5925925925926,48.0,44.0,109.09090909090908,M Markande,14.0,23.0,37.0
358,M Morkel,10.0,116.0,20.0,73.0,50.0,158.9041095890411,126.0,93.0,135.48387096774192,M Morkel,53.0,24.0,77.0
359,M Muralitharan,13.0,7.0,18.0,12.0,72.22222222222221,58.333333333333336,20.0,30.0,66.66666666666666,M Muralitharan,21.0,42.0,64.0
360,M Ntini,11.0,0.0,13.0,6.0,84.61538461538461,0.0,11.0,19.0,57.89473684210527,M Ntini,7.0,0.0,7.0
361,0,0.0,0.0,0.0,0.0,0.0,0.0,0.0,0.0,0.0,M Pathirana,11.0,23.0,34.0
362,M Prasidh Krishna,2.0,7.0,8.0,16.0,25.0,43.75,9.0,24.0,37.5,M Prasidh Krishna,21.0,28.0,50.0
363,M Rawat,6.0,49.0,14.0,56.0,42.857142857142854,87.5,55.0,70.0,78.57142857142857,0,0.0,0.0,0.0
364,M Shahrukh Khan,390.0,163.0,296.0,117.0,131.75675675675674,139.31623931623932,553.0,413.0,133.89830508474577,M Shahrukh Khan,0.0,0.0,0.0
365,0,0.0,0.0,0.0,0.0,0.0,0.0,0.0,0.0,0.0,M Siddharth,0.0,1.0,1.0
366,M Theekshana,0.0,7.0,3.0,4.0,0.0,175.0,7.0,7.0,100.0,M Theekshana,10.0,15.0,25.0
367,M Vijay,1502.0,1117.0,1190.0,1018.0,126.21848739495798,109.72495088408645,2619.0,2208.0,118.61413043478262,M Vijay,0.0,0.0,0.0
368,M Vohra,549.0,534.0,470.0,393.0,116.80851063829788,135.87786259541986,1083.0,863.0,125.49246813441484,0,0.0,0.0,0.0
369,M de Lange,1.0,0.0,2.0,0.0,50.0,0.0,1.0,2.0,50.0,M de Lange,0.0,5.0,5.0
370,MA Agarwal,1274.0,1387.0,1010.0,1069.0,126.13861386138613,129.74742750233864,2669.0,2081.0,128.25564632388276,0,0.0,0.0,0.0
371,MA Khote,7.0,17.0,10.0,12.0,70.0,141.66666666666669,24.0,22.0,109.09090909090908,MA Khote,2.0,0.0,2.0
372,MA Starc,44.0,61.0,53.0,56.0,83.01886792452831,108.92857142857142,105.0,109.0,96.3302752293578,MA Starc,32.0,19.0,51.0
373,MA Wood,0.0,12.0,0.0,10.0,0.0,120.0,12.0,10.0,120.0,MA Wood,4.0,7.0,11.0
374,0,0.0,0.0,0.0,0.0,0.0,0.0,0.0,0.0,0.0,MB Parmar,0.0,0.0,0.0
375,MC Henriques,729.0,271.0,566.0,235.0,128.79858657243815,115.31914893617021,1000.0,801.0,124.84394506866417,MC Henriques,14.0,28.0,42.0
376,MC Juneja,54.0,71.0,69.0,65.0,78.26086956521739,109.23076923076923,125.0,134.0,93.28358208955224,0,0.0,0.0,0.0
377,MD Mishra,88.0,149.0,85.0,128.0,103.5294117647059,116.40625,237.0,213.0,111.26760563380283,0,0.0,0.0,0.0
378,MD Shanaka,9.0,17.0,7.0,19.0,128.57142857142858,89.47368421052632,26.0,26.0,100.0,0,0.0,0.0,0.0
379,MDKJ Perera,14.0,0.0,13.0,0.0,107.6923076923077,0.0,14.0,13.0,107.6923076923077,0,0.0,0.0,0.0
380,MEK Hussey,1313.0,664.0,1056.0,592.0,124.33712121212122,112.16216216216218,1977.0,1648.0,119.96359223300972,0,0.0,0.0,0.0
381,MF Maharoof,97.0,80.0,63.0,61.0,153.96825396825398,131.14754098360655,177.0,124.0,142.74193548387098,MF Maharoof,17.0,10.0,27.0
382,MG Bracewell,35.0,23.0,26.0,23.0,134.6153846153846,100.0,58.0,49.0,118.36734693877551,MG Bracewell,4.0,2.0,6.0
383,MG Johnson,100.0,67.0,104.0,64.0,96.15384615384616,104.6875,167.0,168.0,99.40476190476191,MG Johnson,24.0,37.0,62.0
384,0,0.0,0.0,0.0,0.0,0.0,0.0,0.0,0.0,0.0,MG Neser,0.0,0.0,0.0
385,MJ Clarke,16.0,82.0,18.0,78.0,88.88888888888889,105.12820512820514,98.0,96.0,102.08333333333333,MJ Clarke,1.0,1.0,2.0
386,MJ Guptill,182.0,88.0,147.0,49.0,123.80952380952381,179.59183673469389,271.0,197.0,137.56345177664974,0,0.0,0.0,0.0
387,0,0.0,0.0,0.0,0.0,0.0,0.0,0.0,0.0,0.0,MJ Henry,1.0,1.0,2.0
388,MJ Lumb,105.0,173.0,86.0,112.0,122.09302325581395,154.46428571428572,278.0,198.0,140.4040404040404,0,0.0,0.0,0.0
389,MJ McClenaghan,22.0,63.0,27.0,46.0,81.48148148148148,136.95652173913044,85.0,73.0,116.43835616438356,MJ McClenaghan,37.0,34.0,71.0
390,MJ Santner,15.0,55.0,18.0,59.0,83.33333333333334,93.22033898305084,70.0,77.0,90.9090909090909,MJ Santner,10.0,5.0,15.0
391,MJ Suthar,1.0,0.0,2.0,0.0,50.0,0.0,1.0,2.0,50.0,MJ Suthar,0.0,0.0,0.0
392,MK Lomror,372.0,155.0,274.0,115.0,135.76642335766422,134.7826086956522,527.0,389.0,135.47557840616966,MK Lomror,0.0,1.0,1.0
393,MK Pandey,1826.0,2024.0,1514.0,1770.0,120.60766182298548,114.35028248587571,3859.0,3288.0,117.36618004866179,0,0.0,0.0,0.0
394,MK Tiwary,890.0,805.0,758.0,731.0,117.41424802110818,110.12311901504788,1695.0,1489.0,113.83478844862324,MK Tiwary,1.0,0.0,1.0
395,ML Hayden,617.0,490.0,466.0,372.0,132.40343347639484,131.72043010752688,1107.0,839.0,131.94278903456495,0,0.0,0.0,0.0
396,MM Ali,839.0,323.0,581.0,268.0,144.40619621342512,120.5223880597015,1162.0,849.0,136.86690223792698,MM Ali,11.0,24.0,35.0
397,MM Patel,10.0,29.0,18.0,23.0,55.55555555555556,126.08695652173914,39.0,41.0,95.1219512195122,MM Patel,41.0,33.0,74.0
398,MM Sharma,55.0,69.0,77.0,60.0,71.42857142857143,114.99999999999999,124.0,137.0,90.51094890510949,MM Sharma,57.0,75.0,132.0
399,MN Samuels,116.0,45.0,107.0,67.0,108.41121495327101,67.16417910447761,161.0,174.0,92.52873563218391,MN Samuels,6.0,3.0,9.0
400,MN van Wyk,135.0,32.0,98.0,37.0,137.75510204081633,86.48648648648648,167.0,135.0,123.7037037037037,0,0.0,0.0,0.0
401,MP Stoinis,994.0,872.0,749.0,617.0,132.71028037383178,141.32901134521882,1866.0,1366.0,136.60322108345534,MP Stoinis,16.0,27.0,43.0
402,0,0.0,0.0,0.0,0.0,0.0,0.0,0.0,0.0,0.0,MP Yadav,1.0,6.0,7.0
403,MR Marsh,260.0,405.0,212.0,320.0,122.64150943396226,126.5625,665.0,532.0,125.0,MR Marsh,32.0,5.0,37.0
404,MS Bisla,268.0,530.0,242.0,495.0,110.74380165289257,107.07070707070707,798.0,737.0,108.27679782903662,0,0.0,0.0,0.0
405,MS Dhoni,3065.0,2178.0,2254.0,1693.0,135.98047914818102,128.6473715298287,5243.0,3947.0,132.8350646060299,0,0.0,0.0,0.0
406,MS Gony,68.0,31.0,40.0,36.0,170.0,86.11111111111111,99.0,76.0,130.26315789473685,MS Gony,16.0,21.0,37.0
407,MS Wade,77.0,106.0,78.0,107.0,98.71794871794873,99.06542056074767,183.0,185.0,98.91891891891892,0,0.0,0.0,0.0
408,MV Boucher,150.0,244.0,137.0,181.0,109.48905109489051,134.80662983425415,394.0,318.0,123.89937106918238,0,0.0,0.0,0.0
409,MW Short,75.0,42.0,70.0,29.0,107.14285714285714,144.82758620689654,117.0,99.0,118.18181818181819,MW Short,0.0,0.0,0.0
410,Mandeep Singh,893.0,813.0,766.0,652.0,116.57963446475196,124.69325153374233,1706.0,1418.0,120.31029619181946,Mandeep Singh,0.0,0.0,0.0
411,Mashrafe Mortaza,2.0,0.0,2.0,0.0,100.0,0.0,2.0,2.0,100.0,Mashrafe Mortaza,0.0,0.0,0.0
412,Mayank Dagar,0.0,0.0,0.0,1.0,0.0,0.0,0.0,1.0,0.0,Mayank Dagar,0.0,2.0,2.0
413,Misbah-ul-Haq,83.0,34.0,53.0,29.0,156.60377358490567,117.24137931034481,117.0,82.0,142.6829268292683,0,0.0,0.0,0.0
414,Mohammad Ashraful,2.0,0.0,12.0,0.0,16.666666666666664,0.0,2.0,12.0,16.666666666666664,0,0.0,0.0,0.0
415,Mohammad Asif,0.0,3.0,0.0,6.0,0.0,50.0,3.0,6.0,50.0,Mohammad Asif,5.0,3.0,8.0
416,Mohammad Hafeez,38.0,26.0,59.0,25.0,64.40677966101694,104.0,64.0,84.0,76.19047619047619,Mohammad Hafeez,2.0,0.0,2.0
417,Mohammad Nabi,111.0,104.0,79.0,76.0,140.50632911392404,136.8421052631579,221.0,157.0,140.76433121019107,Mohammad Nabi,8.0,7.0,15.0
418,Mohammed Shami,20.0,54.0,35.0,47.0,57.14285714285714,114.89361702127661,74.0,82.0,90.2439024390244,Mohammed Shami,78.0,49.0,127.0
419,Mohammed Siraj,27.0,82.0,39.0,83.0,69.23076923076923,98.79518072289156,109.0,122.0,89.34426229508196,Mohammed Siraj,38.0,55.0,93.0
420,Mohit Rathee,1.0,0.0,2.0,0.0,50.0,0.0,1.0,2.0,50.0,Mohit Rathee,0.0,0.0,0.0
421,Mohsin Khan,15.0,10.0,7.0,20.0,214.28571428571428,50.0,25.0,27.0,92.5925925925926,Mohsin Khan,9.0,18.0,27.0
422,0,0.0,0.0,0.0,0.0,0.0,0.0,0.0,0.0,0.0,Monu Kumar,0.0,0.0,0.0
423,Mujeeb Ur Rahman,0.0,12.0,3.0,12.0,0.0,100.0,12.0,15.0,80.0,Mujeeb Ur Rahman,12.0,7.0,19.0
424,Mukesh Choudhary,4.0,2.0,4.0,2.0,100.0,100.0,6.0,6.0,100.0,Mukesh Choudhary,4.0,12.0,16.0
425,Mukesh Kumar,0.0,10.0,0.0,20.0,0.0,50.0,10.0,20.0,50.0,Mukesh Kumar,12.0,12.0,24.0
426,Mustafizur Rahman,9.0,4.0,8.0,15.0,112.5,26.666666666666668,13.0,23.0,56.52173913043478,Mustafizur Rahman,32.0,29.0,61.0
427,0,0.0,0.0,0.0,0.0,0.0,0.0,0.0,0.0,0.0,N Burger,3.0,4.0,7.0
428,N Jagadeesan,86.0,76.0,93.0,62.0,92.47311827956989,122.58064516129032,162.0,155.0,104.51612903225806,0,0.0,0.0,0.0
429,N Pooran,769.0,1000.0,530.0,611.0,145.0943396226415,163.66612111292963,1769.0,1143.0,154.7681539807524,0,0.0,0.0,0.0
430,N Rana,1200.0,1436.0,897.0,1118.0,133.77926421404683,128.44364937388193,2636.0,2015.0,130.81885856079404,N Rana,7.0,3.0,10.0
431,N Saini,54.0,86.0,57.0,86.0,94.73684210526315,100.0,140.0,143.0,97.9020979020979,0,0.0,0.0,0.0
432,0,0.0,0.0,0.0,0.0,0.0,0.0,0.0,0.0,0.0,N Thushara,7.0,1.0,8.0
433,N Wadhera,218.0,132.0,151.0,110.0,144.37086092715234,120.0,350.0,261.0,134.09961685823754,N Wadhera,0.0,0.0,0.0
434,NA Saini,11.0,20.0,12.0,24.0,91.66666666666666,83.33333333333334,31.0,36.0,86.11111111111111,NA Saini,5.0,12.0,18.0
435,0,0.0,0.0,0.0,0.0,0.0,0.0,0.0,0.0,0.0,NB Singh,1.0,0.0,1.0
436,ND Doshi,0.0,0.0,13.0,0.0,0.0,0.0,0.0,13.0,0.0,ND Doshi,1.0,1.0,2.0
437,NJ Maddinson,0.0,20.0,0.0,21.0,0.0,95.23809523809523,20.0,21.0,95.23809523809523,0,0.0,0.0,0.0
438,NJ Rimmington,1.0,0.0,1.0,0.0,100.0,0.0,1.0,1.0,100.0,NJ Rimmington,0.0,0.0,0.0
439,NL McCullum,11.0,15.0,7.0,16.0,157.14285714285714,93.75,26.0,23.0,113.04347826086956,NL McCullum,0.0,0.0,0.0
440,NLTC Perera,217.0,205.0,179.0,145.0,121.22905027932961,141.3793103448276,424.0,326.0,130.06134969325154,NLTC Perera,16.0,15.0,31.0
441,NM Coulter-Nile,62.0,20.0,61.0,14.0,101.63934426229508,142.85714285714286,82.0,75.0,109.33333333333333,NM Coulter-Nile,34.0,14.0,48.0
442,NS Naik,29.0,2.0,47.0,6.0,61.702127659574465,33.33333333333333,31.0,53.0,58.490566037735846,0,0.0,0.0,0.0
443,NT Ellis,18.0,1.0,24.0,2.0,75.0,50.0,19.0,26.0,73.07692307692307,NT Ellis,5.0,13.0,18.0
444,NV Ojha,829.0,725.0,721.0,639.0,114.97919556171982,113.4585289514867,1554.0,1360.0,114.26470588235293,0,0.0,0.0,0.0
445,Naman Dhir,0.0,140.0,1.0,83.0,0.0,168.67469879518075,140.0,84.0,166.66666666666669,Naman Dhir,0.0,0.0,0.0
446,Navdeep Saini,2.0,0.0,2.0,0.0,100.0,0.0,2.0,2.0,100.0,Navdeep Saini,3.0,3.0,6.0
447,Naveen-ul-Haq,2.0,16.0,3.0,23.0,66.66666666666666,69.56521739130434,18.0,26.0,69.23076923076923,Naveen-ul-Haq,16.0,9.0,25.0
448,Niraj Patel,14.0,107.0,22.0,102.0,63.63636363636363,104.90196078431373,121.0,124.0,97.58064516129032,0,0.0,0.0,0.0
449,Nithish Kumar Reddy,224.0,79.0,158.0,63.0,141.77215189873417,125.39682539682539,303.0,221.0,137.10407239819006,Nithish Kumar Reddy,0.0,3.0,3.0
450,Noor Ahmad,1.0,12.0,8.0,10.0,12.5,120.0,13.0,18.0,72.22222222222221,Noor Ahmad,11.0,13.0,24.0
451,0,0.0,0.0,0.0,0.0,0.0,0.0,0.0,0.0,0.0,O Thomas,5.0,0.0,5.0
452,OA Shah,373.0,133.0,296.0,109.0,126.01351351351352,122.01834862385321,506.0,405.0,124.93827160493827,0,0.0,0.0,0.0
453,OC McCoy,8.0,0.0,5.0,0.0,160.0,0.0,8.0,5.0,160.0,OC McCoy,5.0,6.0,11.0
454,OF Smith,26.0,25.0,41.0,9.0,63.41463414634146,277.77777777777777,51.0,50.0,102.0,OF Smith,0.0,6.0,6.0
455,0,0.0,0.0,0.0,0.0,0.0,0.0,0.0,0.0,0.0,P Amarnath,2.0,5.0,7.0
456,P Awana,5.0,0.0,11.0,3.0,45.45454545454545,0.0,5.0,14.0,35.714285714285715,P Awana,19.0,20.0,39.0
457,P Chopra,0.0,8.0,0.0,6.0,0.0,133.33333333333331,8.0,6.0,133.33333333333331,0,0.0,0.0,0.0
458,P Dogra,63.0,64.0,81.0,60.0,77.77777777777779,106.66666666666667,127.0,141.0,90.0709219858156,0,0.0,0.0,0.0
459,P Dubey,7.0,16.0,13.0,20.0,53.84615384615385,80.0,23.0,33.0,69.6969696969697,P Dubey,1.0,0.0,1.0
460,P Kumar,188.0,152.0,180.0,143.0,104.44444444444446,106.2937062937063,340.0,323.0,105.26315789473684,P Kumar,47.0,43.0,90.0
461,P Negi,246.0,119.0,192.0,109.0,128.125,109.1743119266055,365.0,301.0,121.26245847176081,P Negi,15.0,19.0,34.0
462,P Parameswaran,1.0,0.0,1.0,2.0,100.0,0.0,1.0,3.0,33.33333333333333,P Parameswaran,6.0,3.0,9.0
463,0,0.0,0.0,0.0,0.0,0.0,0.0,0.0,0.0,0.0,P Prasanth,0.0,0.0,0.0
464,P Ray Barman,0.0,19.0,0.0,25.0,0.0,76.0,19.0,25.0,76.0,P Ray Barman,0.0,0.0,0.0
465,P Sahu,19.0,0.0,13.0,0.0,146.15384615384613,0.0,19.0,13.0,146.15384615384613,P Sahu,0.0,3.0,3.0
466,P Simran Singh,409.0,347.0,286.0,242.0,143.006993006993,143.38842975206612,756.0,528.0,143.1818181818182,0,0.0,0.0,0.0
467,0,0.0,0.0,0.0,0.0,0.0,0.0,0.0,0.0,0.0,P Suyal,0.0,2.0,2.0
468,PA Patel,1389.0,1459.0,1186.0,1256.0,117.11635750421586,116.16242038216559,2848.0,2442.0,116.62571662571663,0,0.0,0.0,0.0
469,PA Reddy,48.0,116.0,59.0,108.0,81.35593220338984,107.40740740740742,164.0,167.0,98.20359281437125,0,0.0,0.0,0.0
470,PBB Rajapaksa,181.0,96.0,135.0,66.0,134.07407407407408,145.45454545454547,277.0,201.0,137.81094527363186,0,0.0,0.0,0.0
471,PC Valthaty,205.0,300.0,210.0,222.0,97.61904761904762,135.13513513513513,505.0,432.0,116.89814814814814,PC Valthaty,5.0,2.0,7.0
472,PD Collingwood,148.0,55.0,108.0,51.0,137.03703703703704,107.84313725490196,203.0,159.0,127.67295597484276,PD Collingwood,1.0,4.0,5.0
473,PD Salt,274.0,379.0,162.0,223.0,169.1358024691358,169.95515695067266,653.0,385.0,169.6103896103896,0,0.0,0.0,0.0
474,0,0.0,0.0,0.0,0.0,0.0,0.0,0.0,0.0,0.0,PH Solanki,0.0,2.0,2.0
475,PJ Cummins,257.0,258.0,216.0,143.0,118.9814814814815,180.41958041958043,515.0,359.0,143.4540389972145,PJ Cummins,24.0,39.0,63.0
476,PJ Sangwan,14.0,12.0,24.0,23.0,58.333333333333336,52.17391304347826,26.0,47.0,55.319148936170215,PJ Sangwan,20.0,18.0,38.0
477,PK Garg,165.0,108.0,136.0,111.0,121.3235294117647,97.2972972972973,273.0,247.0,110.5263157894737,0,0.0,0.0,0.0
478,PM Sarvesh Kumar,0.0,1.0,0.0,2.0,0.0,50.0,1.0,2.0,50.0,PM Sarvesh Kumar,0.0,1.0,1.0
479,PN Mankad,26.0,71.0,21.0,54.0,123.80952380952381,131.4814814814815,97.0,75.0,129.33333333333331,0,0.0,0.0,0.0
480,PP Chawla,335.0,289.0,327.0,253.0,102.44648318042813,114.22924901185772,624.0,580.0,107.58620689655172,PP Chawla,110.0,82.0,192.0
481,PP Ojha,12.0,4.0,30.0,15.0,40.0,26.666666666666668,16.0,45.0,35.55555555555556,PP Ojha,37.0,52.0,89.0
482,PP Shaw,970.0,922.0,687.0,634.0,141.19359534206697,145.42586750788644,1892.0,1321.0,143.22482967448903,0,0.0,0.0,0.0
483,PR Shah,57.0,35.0,72.0,25.0,79.16666666666666,140.0,92.0,97.0,94.84536082474226,0,0.0,0.0,0.0
484,PSP Handscomb,6.0,0.0,12.0,0.0,50.0,0.0,6.0,12.0,50.0,0,0.0,0.0,0.0
485,PV Tambe,2.0,16.0,4.0,35.0,50.0,45.714285714285715,18.0,39.0,46.15384615384615,PV Tambe,21.0,7.0,28.0
486,PVD Chameera,18.0,25.0,12.0,20.0,150.0,125.0,43.0,32.0,134.375,PVD Chameera,2.0,7.0,9.0
487,PWH de Silva,35.0,37.0,48.0,32.0,72.91666666666666,115.625,72.0,80.0,90.0,PWH de Silva,17.0,18.0,35.0
488,Pankaj Singh,1.0,6.0,2.0,10.0,50.0,60.0,7.0,12.0,58.333333333333336,Pankaj Singh,5.0,6.0,11.0
489,Parvez Rasool,4.0,13.0,5.0,15.0,80.0,86.66666666666667,17.0,20.0,85.0,Parvez Rasool,2.0,2.0,4.0
490,Q de Kock,1634.0,1523.0,1233.0,1174.0,132.52230332522302,129.7274275979557,3160.0,2410.0,131.12033195020746,0,0.0,0.0,0.0
491,R Ashwin,455.0,345.0,392.0,306.0,116.07142857142858,112.74509803921569,800.0,698.0,114.61318051575931,R Ashwin,72.0,108.0,180.0
492,R Bhatia,168.0,174.0,131.0,159.0,128.2442748091603,109.43396226415094,342.0,290.0,117.9310344827586,R Bhatia,40.0,31.0,71.0
493,R Bishnoi,18.0,1.0,14.0,3.0,128.57142857142858,33.33333333333333,19.0,17.0,111.76470588235294,0,0.0,0.0,0.0
494,R Dhawan,118.0,92.0,86.0,102.0,137.2093023255814,90.19607843137256,210.0,188.0,111.70212765957446,R Dhawan,7.0,18.0,25.0
495,R Dravid,1001.0,1173.0,906.0,1012.0,110.48565121412804,115.90909090909092,2174.0,1918.0,113.34723670490095,0,0.0,0.0,0.0
496,0,0.0,0.0,0.0,0.0,0.0,0.0,0.0,0.0,0.0,R Goyal,0.0,0.0,0.0
497,R McLaren,119.0,40.0,124.0,54.0,95.96774193548387,74.07407407407408,159.0,178.0,89.32584269662921,R McLaren,6.0,6.0,12.0
498,R Ninan,0.0,3.0,0.0,6.0,0.0,50.0,3.0,6.0,50.0,R Ninan,3.0,0.0,3.0
499,R Parag,644.0,529.0,490.0,419.0,131.42857142857142,126.25298329355607,1173.0,909.0,129.04290429042905,R Parag,3.0,1.0,4.0
500,R Powell,131.0,229.0,105.0,149.0,124.76190476190476,153.69127516778522,360.0,254.0,141.73228346456693,R Powell,1.0,0.0,1.0
501,R Rampaul,16.0,35.0,27.0,25.0,59.25925925925925,140.0,51.0,52.0,98.07692307692307,R Rampaul,3.0,11.0,16.0
502,R Ravindra,79.0,143.0,50.0,96.0,158.0,148.95833333333331,222.0,146.0,152.05479452054794,R Ravindra,0.0,0.0,0.0
503,R Sai Kishore,0.0,13.0,0.0,6.0,0.0,216.66666666666666,13.0,6.0,216.66666666666666,R Sai Kishore,9.0,4.0,13.0
504,R Sanjay Yadav,0.0,0.0,0.0,2.0,0.0,0.0,0.0,2.0,0.0,R Sanjay Yadav,0.0,0.0,0.0
505,R Sathish,117.0,153.0,110.0,126.0,106.36363636363637,121.42857142857142,270.0,236.0,114.40677966101696,R Sathish,1.0,2.0,3.0
506,R Sharma,40.0,26.0,36.0,41.0,111.11111111111111,63.41463414634146,66.0,77.0,85.71428571428571,R Sharma,22.0,18.0,40.0
507,R Shepherd,66.0,49.0,29.0,39.0,227.58620689655174,125.64102564102564,115.0,68.0,169.11764705882354,R Shepherd,3.0,1.0,4.0
508,R Shukla,3.0,16.0,5.0,18.0,60.0,88.88888888888889,19.0,23.0,82.6086956521739,R Shukla,1.0,4.0,5.0
509,R Tewatia,365.0,648.0,276.0,512.0,132.24637681159422,126.5625,1013.0,788.0,128.55329949238578,R Tewatia,19.0,13.0,32.0
510,R Vinay Kumar,152.0,158.0,126.0,163.0,120.63492063492063,96.93251533742331,310.0,289.0,107.26643598615917,R Vinay Kumar,56.0,49.0,105.0
511,RA Bawa,11.0,0.0,13.0,1.0,84.61538461538461,0.0,11.0,14.0,78.57142857142857,0,0.0,0.0,0.0
512,RA Jadeja,1669.0,1290.0,1337.0,1041.0,124.83171278982796,123.9193083573487,2959.0,2378.0,124.4322960470984,RA Jadeja,82.0,78.0,160.0
513,0,0.0,0.0,0.0,0.0,0.0,0.0,0.0,0.0,0.0,RA Shaikh,0.0,0.0,0.0
514,RA Tripathi,1099.0,1137.0,832.0,818.0,132.09134615384613,138.99755501222495,2236.0,1650.0,135.51515151515153,RA Tripathi,0.0,0.0,0.0
515,RD Chahar,77.0,52.0,76.0,51.0,101.3157894736842,101.96078431372548,129.0,127.0,101.5748031496063,RD Chahar,28.0,47.0,75.0
516,RD Gaikwad,1533.0,847.0,1087.0,694.0,141.0303587856486,122.04610951008645,2380.0,1781.0,133.63279056709715,0,0.0,0.0,0.0
517,RE Levi,30.0,53.0,26.0,48.0,115.38461538461537,110.41666666666667,83.0,74.0,112.16216216216218,0,0.0,0.0,0.0
518,RE van der Merwe,96.0,63.0,81.0,63.0,118.5185185185185,100.0,159.0,144.0,110.41666666666667,RE van der Merwe,10.0,11.0,21.0
519,RG More,2.0,0.0,2.0,0.0,100.0,0.0,2.0,2.0,100.0,RG More,0.0,1.0,1.0
520,RG Sharma,3600.0,3028.0,2712.0,2468.0,132.7433628318584,122.6904376012966,6630.0,5183.0,127.91819409608335,RG Sharma,2.0,13.0,15.0
521,RJ Gleeson,2.0,0.0,2.0,0.0,100.0,0.0,2.0,2.0,100.0,RJ Gleeson,0.0,1.0,1.0
522,RJ Harris,59.0,58.0,49.0,63.0,120.40816326530613,92.06349206349206,117.0,112.0,104.46428571428572,RJ Harris,33.0,12.0,45.0
523,RJ Peterson,13.0,19.0,14.0,18.0,92.85714285714286,105.55555555555556,32.0,32.0,100.0,RJ Peterson,3.0,0.0,3.0
524,RJ Quiney,58.0,45.0,44.0,61.0,131.8181818181818,73.77049180327869,103.0,105.0,98.09523809523809,0,0.0,0.0,0.0
525,RJW Topley,0.0,3.0,0.0,6.0,0.0,50.0,3.0,6.0,50.0,RJW Topley,3.0,2.0,5.0
526,RK Bhui,3.0,7.0,7.0,20.0,42.857142857142854,35.0,10.0,27.0,37.03703703703704,0,0.0,0.0,0.0
527,RK Singh,422.0,471.0,340.0,314.0,124.11764705882354,150.0,893.0,654.0,136.54434250764527,0,0.0,0.0,0.0
528,RM Patidar,608.0,191.0,378.0,156.0,160.84656084656083,122.43589743589745,799.0,534.0,149.625468164794,0,0.0,0.0,0.0
529,RN ten Doeschate,185.0,141.0,133.0,105.0,139.09774436090225,134.28571428571428,326.0,238.0,136.9747899159664,RN ten Doeschate,1.0,1.0,2.0
530,RP Meredith,0.0,0.0,0.0,3.0,0.0,0.0,0.0,3.0,0.0,RP Meredith,12.0,7.0,19.0
531,RP Singh,29.0,23.0,36.0,42.0,80.55555555555556,54.761904761904766,52.0,78.0,66.66666666666666,RP Singh,58.0,32.0,90.0
532,RR Bhatkal,0.0,0.0,2.0,0.0,0.0,0.0,0.0,2.0,0.0,RR Bhatkal,0.0,0.0,0.0
533,0,0.0,0.0,0.0,0.0,0.0,0.0,0.0,0.0,0.0,RR Bose,0.0,0.0,0.0
534,RR Pant,1665.0,1619.0,1143.0,1142.0,145.6692913385827,141.76882661996498,3297.0,2296.0,143.59756097560975,0,0.0,0.0,0.0
535,RR Powar,54.0,13.0,51.0,13.0,105.88235294117648,100.0,67.0,64.0,104.6875,RR Powar,6.0,7.0,13.0
536,RR Raje,9.0,11.0,11.0,7.0,81.81818181818183,157.14285714285714,20.0,18.0,111.11111111111111,RR Raje,5.0,1.0,6.0
537,RR Rossouw,149.0,324.0,84.0,237.0,177.38095238095238,136.70886075949366,473.0,321.0,147.35202492211837,0,0.0,0.0,0.0
538,RR Sarwan,7.0,66.0,9.0,69.0,77.77777777777779,95.65217391304348,73.0,78.0,93.58974358974359,0,0.0,0.0,0.0
539,RS Bopara,298.0,233.0,274.0,194.0,108.75912408759123,120.10309278350515,531.0,468.0,113.46153846153845,RS Bopara,3.0,8.0,11.0
540,RS Gavaskar,0.0,2.0,0.0,8.0,0.0,25.0,2.0,8.0,25.0,RS Gavaskar,0.0,0.0,0.0
541,0,0.0,0.0,0.0,0.0,0.0,0.0,0.0,0.0,0.0,RS Hangargekar,0.0,3.0,3.0
542,RS Sodhi,0.0,4.0,0.0,2.0,0.0,200.0,4.0,2.0,200.0,0,0.0,0.0,0.0
543,RT Ponting,59.0,32.0,85.0,44.0,69.41176470588235,72.72727272727273,91.0,129.0,70.54263565891473,0,0.0,0.0,0.0
544,RV Gomez,50.0,0.0,52.0,1.0,96.15384615384616,0.0,50.0,53.0,94.33962264150944,RV Gomez,2.0,3.0,5.0
545,RV Patel,35.0,45.0,29.0,47.0,120.6896551724138,95.74468085106383,80.0,76.0,105.26315789473684,RV Patel,0.0,0.0,0.0
546,RV Uthappa,2120.0,2832.0,1752.0,2173.0,121.00456621004567,130.32673722963645,4954.0,3927.0,126.15227909345556,0,0.0,0.0,0.0
547,0,0.0,0.0,0.0,0.0,0.0,0.0,0.0,0.0,0.0,RW Price,0.0,0.0,0.0
548,Rahmanullah Gurbaz,164.0,125.0,113.0,115.0,145.13274336283186,108.69565217391303,289.0,228.0,126.75438596491229,0,0.0,0.0,0.0
549,Ramandeep Singh,131.0,39.0,76.0,30.0,172.36842105263156,130.0,170.0,106.0,160.37735849056605,Ramandeep Singh,6.0,0.0,6.0
550,Rashid Khan,203.0,342.0,154.0,201.0,131.8181818181818,170.1492537313433,545.0,355.0,153.52112676056336,Rashid Khan,75.0,74.0,149.0
551,Rasikh Salam,17.0,23.0,13.0,27.0,130.76923076923077,85.18518518518519,40.0,40.0,100.0,Rasikh Salam,2.0,7.0,9.0
552,Ravi Bishnoi,6.0,26.0,10.0,42.0,60.0,61.904761904761905,32.0,52.0,61.53846153846154,Ravi Bishnoi,31.0,32.0,63.0
553,S Anirudha,109.0,27.0,99.0,22.0,110.1010101010101,122.72727272727273,136.0,121.0,112.39669421487604,0,0.0,0.0,0.0
554,S Aravind,9.0,50.0,17.0,42.0,52.94117647058824,119.04761904761905,59.0,59.0,100.0,S Aravind,22.0,23.0,45.0
555,S Badree,3.0,10.0,3.0,22.0,100.0,45.45454545454545,13.0,25.0,52.0,S Badree,5.0,6.0,11.0
556,S Badrinath,908.0,533.0,784.0,461.0,115.81632653061224,115.61822125813448,1441.0,1245.0,115.74297188755021,0,0.0,0.0,0.0
557,S Chanderpaul,2.0,23.0,9.0,24.0,22.22222222222222,95.83333333333334,25.0,33.0,75.75757575757575,0,0.0,0.0,0.0
558,S Dhawan,3926.0,2843.0,3177.0,2304.0,123.57570034623859,123.39409722222223,6769.0,5483.0,123.45431333211745,S Dhawan,1.0,3.0,4.0
559,S Dube,945.0,557.0,622.0,455.0,151.92926045016077,122.41758241758242,1502.0,1077.0,139.46146703806872,S Dube,2.0,3.0,5.0
560,S Gopal,94.0,86.0,94.0,79.0,100.0,108.86075949367088,180.0,173.0,104.04624277456647,S Gopal,29.0,23.0,52.0
561,0,0.0,0.0,0.0,0.0,0.0,0.0,0.0,0.0,0.0,S Joseph,0.0,0.0,0.0
562,S Kaul,10.0,10.0,15.0,21.0,66.66666666666666,47.61904761904761,20.0,36.0,55.55555555555556,S Kaul,32.0,26.0,58.0
563,S Kaushik,0.0,0.0,0.0,1.0,0.0,0.0,0.0,1.0,0.0,S Kaushik,3.0,3.0,6.0
564,S Ladda,0.0,0.0,0.0,10.0,0.0,0.0,0.0,10.0,0.0,S Ladda,4.0,1.0,5.0
565,S Lamichhane,0.0,0.0,0.0,1.0,0.0,0.0,0.0,1.0,0.0,S Lamichhane,7.0,6.0,13.0
566,0,0.0,0.0,0.0,0.0,0.0,0.0,0.0,0.0,0.0,S Midhun,0.0,0.0,0.0
567,S Nadeem,9.0,30.0,30.0,58.0,30.0,51.724137931034484,39.0,88.0,44.31818181818182,S Nadeem,35.0,13.0,48.0
568,S Narwal,25.0,12.0,19.0,10.0,131.57894736842107,120.0,37.0,29.0,127.58620689655173,S Narwal,5.0,0.0,5.0
569,S Rana,53.0,38.0,52.0,30.0,101.92307692307692,126.66666666666666,91.0,82.0,110.97560975609757,S Rana,0.0,0.0,0.0
570,S Randiv,0.0,2.0,0.0,4.0,0.0,50.0,2.0,4.0,50.0,S Randiv,2.0,4.0,6.0
571,0,0.0,0.0,0.0,0.0,0.0,0.0,0.0,0.0,0.0,S Sandeep Warrier,5.0,3.0,8.0
572,S Sohal,184.0,184.0,162.0,149.0,113.58024691358024,123.48993288590604,368.0,311.0,118.32797427652733,0,0.0,0.0,0.0
573,S Sreesanth,18.0,16.0,39.0,18.0,46.15384615384615,88.88888888888889,34.0,57.0,59.64912280701754,S Sreesanth,25.0,15.0,40.0
574,S Sriram,0.0,31.0,0.0,38.0,0.0,81.57894736842105,31.0,38.0,81.57894736842105,S Sriram,0.0,0.0,0.0
575,S Tyagi,0.0,3.0,0.0,4.0,0.0,75.0,3.0,4.0,75.0,S Tyagi,1.0,5.0,6.0
576,S Vidyut,99.0,46.0,80.0,35.0,123.75,131.42857142857142,145.0,115.0,126.08695652173914,S Vidyut,0.0,1.0,1.0
577,SA Abbott,14.0,8.0,9.0,9.0,155.55555555555557,88.88888888888889,22.0,18.0,122.22222222222223,SA Abbott,1.0,0.0,1.0
578,SA Asnodkar,264.0,159.0,203.0,149.0,130.04926108374383,106.71140939597315,423.0,352.0,120.17045454545455,0,0.0,0.0,0.0
579,SA Yadav,1858.0,1736.0,1339.0,1182.0,138.76026885735624,146.86971235194585,3594.0,2522.0,142.50594766058683,SA Yadav,0.0,0.0,0.0
580,SB Bangar,28.0,21.0,38.0,20.0,73.68421052631578,105.0,49.0,58.0,84.48275862068965,SB Bangar,3.0,1.0,4.0
581,SB Dubey,0.0,33.0,1.0,20.0,0.0,165.0,33.0,21.0,157.14285714285714,0,0.0,0.0,0.0
582,SB Jakati,28.0,0.0,30.0,0.0,93.33333333333333,0.0,28.0,30.0,93.33333333333333,SB Jakati,15.0,32.0,47.0
583,SB Joshi,3.0,3.0,8.0,8.0,37.5,37.5,6.0,16.0,37.5,SB Joshi,0.0,1.0,1.0
584,SB Styris,59.0,72.0,50.0,84.0,118.0,85.71428571428571,131.0,134.0,97.76119402985076,SB Styris,4.0,4.0,8.0
585,SB Wagh,2.0,0.0,2.0,1.0,100.0,0.0,2.0,3.0,66.66666666666666,SB Wagh,4.0,1.0,5.0
586,SC Ganguly,721.0,628.0,714.0,612.0,100.98039215686273,102.61437908496731,1349.0,1326.0,101.73453996983409,SC Ganguly,2.0,8.0,10.0
587,0,0.0,0.0,0.0,0.0,0.0,0.0,0.0,0.0,0.0,SC Kuggeleijn,0.0,2.0,2.0
588,SD Chitnis,62.0,37.0,60.0,32.0,103.33333333333334,115.625,99.0,92.0,107.6086956521739,SD Chitnis,2.0,0.0,2.0
589,SD Hope,124.0,59.0,81.0,44.0,153.0864197530864,134.0909090909091,183.0,125.0,146.4,0,0.0,0.0,0.0
590,SD Lad,0.0,15.0,0.0,13.0,0.0,115.38461538461537,15.0,13.0,115.38461538461537,0,0.0,0.0,0.0
591,SE Bond,0.0,1.0,0.0,2.0,0.0,50.0,1.0,2.0,50.0,SE Bond,5.0,4.0,9.0
592,SE Marsh,1417.0,1060.0,1120.0,788.0,126.51785714285715,134.51776649746193,2489.0,1913.0,130.10977522216413,0,0.0,0.0,0.0
593,SE Rutherford,38.0,68.0,25.0,82.0,152.0,82.92682926829268,106.0,107.0,99.06542056074767,SE Rutherford,0.0,1.0,1.0
594,SH Johnson,1.0,5.0,1.0,6.0,100.0,83.33333333333334,6.0,7.0,85.71428571428571,SH Johnson,1.0,3.0,4.0
595,SJ Srivastava,5.0,0.0,4.0,1.0,125.0,0.0,5.0,5.0,100.0,SJ Srivastava,5.0,9.0,14.0
596,SK Raina,3194.0,2334.0,2422.0,1752.0,131.87448389760527,133.2191780821918,5536.0,4177.0,132.53531242518554,SK Raina,7.0,18.0,25.0
597,SK Trivedi,21.0,21.0,30.0,31.0,70.0,67.74193548387096,42.0,61.0,68.85245901639344,SK Trivedi,31.0,34.0,65.0
598,SK Warne,83.0,115.0,105.0,114.0,79.04761904761905,100.87719298245614,198.0,219.0,90.41095890410958,SK Warne,30.0,27.0,57.0
599,SL Malinga,18.0,70.0,26.0,77.0,69.23076923076923,90.9090909090909,88.0,103.0,85.43689320388349,SL Malinga,84.0,86.0,170.0
600,0,0.0,0.0,0.0,0.0,0.0,0.0,0.0,0.0,0.0,SM Boland,2.0,0.0,2.0
601,SM Curran,484.0,399.0,372.0,301.0,130.10752688172042,132.5581395348837,883.0,673.0,131.2035661218425,SM Curran,35.0,23.0,58.0
602,SM Harwood,6.0,3.0,7.0,7.0,85.71428571428571,42.857142857142854,9.0,14.0,64.28571428571429,SM Harwood,2.0,1.0,3.0
603,SM Katich,11.0,230.0,13.0,178.0,84.61538461538461,129.21348314606743,241.0,191.0,126.17801047120419,0,0.0,0.0,0.0
604,SM Pollock,108.0,39.0,76.0,40.0,142.10526315789474,97.5,147.0,116.0,126.72413793103448,SM Pollock,9.0,2.0,11.0
605,SMSM Senanayake,7.0,3.0,13.0,4.0,53.84615384615385,75.0,10.0,17.0,58.82352941176471,SMSM Senanayake,6.0,3.0,9.0
606,SN Khan,414.0,171.0,277.0,179.0,149.45848375451263,95.53072625698324,585.0,456.0,128.28947368421052,SN Khan,0.0,0.0,0.0
607,SN Thakur,163.0,144.0,118.0,110.0,138.135593220339,130.9090909090909,307.0,228.0,134.64912280701756,SN Thakur,44.0,50.0,94.0
608,SO Hetmyer,654.0,589.0,479.0,375.0,136.53444676409185,157.06666666666666,1243.0,854.0,145.5503512880562,0,0.0,0.0,0.0
609,SP Fleming,54.0,142.0,66.0,105.0,81.81818181818183,135.23809523809524,196.0,171.0,114.61988304093566,0,0.0,0.0,0.0
610,SP Goswami,243.0,50.0,247.0,60.0,98.38056680161942,83.33333333333334,293.0,307.0,95.43973941368078,0,0.0,0.0,0.0
611,SP Jackson,22.0,39.0,24.0,33.0,91.66666666666666,118.18181818181819,61.0,57.0,107.01754385964912,0,0.0,0.0,0.0
612,SP Narine,832.0,702.0,540.0,444.0,154.07407407407408,158.10810810810813,1534.0,984.0,155.8943089430894,SP Narine,100.0,80.0,180.0
613,SPD Smith,1151.0,1334.0,861.0,1133.0,133.68176538908244,117.7405119152692,2495.0,1999.0,124.81240620310155,SPD Smith,0.0,0.0,0.0
614,SR Tendulkar,1237.0,1097.0,1062.0,982.0,116.47834274952919,111.71079429735234,2334.0,2044.0,114.18786692759295,SR Tendulkar,0.0,0.0,0.0
615,SR Watson,1712.0,2162.0,1316.0,1572.0,130.09118541033436,137.53180661577608,3880.0,2892.0,134.1632088520055,SR Watson,51.0,41.0,92.0
616,0,0.0,0.0,0.0,0.0,0.0,0.0,0.0,0.0,0.0,SS Agarwal,1.0,0.0,1.0
617,SS Cottrell,0.0,0.0,0.0,2.0,0.0,0.0,0.0,2.0,0.0,SS Cottrell,3.0,3.0,6.0
618,SS Iyer,1661.0,1466.0,1356.0,1187.0,122.49262536873155,123.50463352990732,3131.0,2545.0,123.02554027504911,SS Iyer,0.0,0.0,0.0
619,0,0.0,0.0,0.0,0.0,0.0,0.0,0.0,0.0,0.0,SS Mundhe,1.0,0.0,1.0
620,SS Prabhudessai,37.0,89.0,46.0,67.0,80.43478260869566,132.8358208955224,126.0,113.0,111.50442477876106,0,0.0,0.0,0.0
621,0,0.0,0.0,0.0,0.0,0.0,0.0,0.0,0.0,0.0,SS Sarkar,1.0,0.0,1.0
622,SS Shaikh,0.0,6.0,0.0,7.0,0.0,85.71428571428571,6.0,7.0,85.71428571428571,0,0.0,0.0,0.0
623,SS Tiwary,864.0,630.0,688.0,603.0,125.5813953488372,104.4776119402985,1494.0,1291.0,115.72424477149497,0,0.0,0.0,0.0
624,0,0.0,0.0,0.0,0.0,0.0,0.0,0.0,0.0,0.0,SSB Magala,1.0,0.0,1.0
625,ST Jayasuriya,449.0,319.0,348.0,225.0,129.02298850574712,141.77777777777777,768.0,573.0,134.03141361256544,ST Jayasuriya,8.0,5.0,13.0
626,STR Binny,421.0,459.0,324.0,376.0,129.93827160493828,122.07446808510637,880.0,700.0,125.71428571428571,STR Binny,12.0,10.0,22.0
627,SV Samson,2117.0,2302.0,1516.0,1754.0,139.6437994722955,131.24287343215508,4419.0,3270.0,135.1376146788991,0,0.0,0.0,0.0
628,SW Billings,263.0,240.0,221.0,178.0,119.00452488687783,134.8314606741573,503.0,399.0,126.06516290726817,0,0.0,0.0,0.0
629,SW Tait,12.0,11.0,14.0,12.0,85.71428571428571,91.66666666666666,23.0,26.0,88.46153846153845,SW Tait,13.0,10.0,23.0
630,SZ Mulani,0.0,1.0,0.0,1.0,0.0,100.0,1.0,1.0,100.0,SZ Mulani,0.0,0.0,0.0
631,Sachin Baby,93.0,51.0,80.0,43.0,116.25000000000001,118.6046511627907,144.0,123.0,117.07317073170731,Sachin Baby,0.0,2.0,2.0
632,Salman Butt,162.0,31.0,144.0,28.0,112.5,110.71428571428572,193.0,172.0,112.20930232558139,0,0.0,0.0,0.0
633,Sameer Rizvi,36.0,15.0,34.0,9.0,105.88235294117648,166.66666666666669,51.0,43.0,118.6046511627907,0,0.0,0.0,0.0
634,Sandeep Sharma,6.0,48.0,17.0,56.0,35.294117647058826,85.71428571428571,54.0,73.0,73.97260273972603,Sandeep Sharma,73.0,64.0,137.0
635,Sanvir Singh,12.0,13.0,12.0,10.0,100.0,130.0,25.0,22.0,113.63636363636364,0,0.0,0.0,0.0
636,Saurav Chauhan,18.0,0.0,15.0,1.0,120.0,0.0,18.0,16.0,112.5,0,0.0,0.0,0.0
637,Shahbaz Ahmed,275.0,261.0,230.0,237.0,119.56521739130434,110.12658227848102,536.0,467.0,114.77516059957173,Shahbaz Ahmed,6.0,15.0,21.0
638,Shahid Afridi,27.0,54.0,23.0,23.0,117.3913043478261,234.7826086956522,81.0,46.0,176.08695652173913,Shahid Afridi,6.0,3.0,9.0
639,Shakib Al Hasan,461.0,332.0,392.0,271.0,117.60204081632652,122.50922509225093,795.0,665.0,119.54887218045114,Shakib Al Hasan,38.0,25.0,63.0
640,Shashank Singh,65.0,358.0,39.0,233.0,166.66666666666669,153.6480686695279,423.0,272.0,155.51470588235296,Shashank Singh,0.0,1.0,1.0
641,Shivam Mavi,12.0,39.0,16.0,42.0,75.0,92.85714285714286,51.0,58.0,87.93103448275862,Shivam Mavi,16.0,14.0,30.0
642,Shivam Sharma,5.0,0.0,3.0,0.0,166.66666666666669,0.0,5.0,3.0,166.66666666666669,Shivam Sharma,2.0,2.0,4.0
643,Shivam Singh,2.0,0.0,3.0,0.0,66.66666666666666,0.0,2.0,3.0,66.66666666666666,0,0.0,0.0,0.0
644,Shoaib Ahmed,0.0,1.0,3.0,3.0,0.0,33.33333333333333,1.0,6.0,16.666666666666664,Shoaib Ahmed,1.0,4.0,5.0
645,Shoaib Akhtar,2.0,0.0,8.0,0.0,25.0,0.0,2.0,8.0,25.0,Shoaib Akhtar,0.0,5.0,5.0
646,Shoaib Malik,28.0,24.0,27.0,22.0,103.7037037037037,109.09090909090908,52.0,49.0,106.12244897959184,Shoaib Malik,1.0,1.0,2.0
647,Shubman Gill,1641.0,1575.0,1195.0,1237.0,137.32217573221757,127.32417138237673,3216.0,2432.0,132.23684210526315,0,0.0,0.0,0.0
648,Sikandar Raza,33.0,149.0,30.0,113.0,110.00000000000001,131.858407079646,182.0,143.0,127.27272727272727,Sikandar Raza,2.0,1.0,3.0
649,Simarjeet Singh,5.0,2.0,6.0,2.0,83.33333333333334,100.0,7.0,8.0,87.5,Simarjeet Singh,3.0,6.0,9.0
650,Sohail Tanvir,14.0,22.0,14.0,17.0,100.0,129.41176470588235,36.0,31.0,116.12903225806453,Sohail Tanvir,14.0,8.0,22.0
651,Sumit Kumar,2.0,16.0,10.0,16.0,20.0,100.0,18.0,26.0,69.23076923076923,Sumit Kumar,0.0,0.0,0.0
652,Sunny Gupta,0.0,0.0,0.0,1.0,0.0,0.0,0.0,1.0,0.0,Sunny Gupta,0.0,0.0,0.0
653,Sunny Singh,17.0,26.0,11.0,20.0,154.54545454545453,130.0,43.0,31.0,138.70967741935485,0,0.0,0.0,0.0
654,0,0.0,0.0,0.0,0.0,0.0,0.0,0.0,0.0,0.0,Suyash Sharma,3.0,7.0,10.0
655,Swapnil Singh,34.0,17.0,32.0,14.0,106.25,121.42857142857142,51.0,46.0,110.86956521739131,Swapnil Singh,2.0,5.0,7.0
656,T Banton,10.0,8.0,8.0,14.0,125.0,57.14285714285714,18.0,22.0,81.81818181818183,0,0.0,0.0,0.0
657,T Henderson,0.0,11.0,1.0,15.0,0.0,73.33333333333333,11.0,16.0,68.75,T Henderson,1.0,0.0,1.0
658,T Kohler-Cadmore,18.0,30.0,23.0,31.0,78.26086956521739,96.7741935483871,48.0,54.0,88.88888888888889,0,0.0,0.0,0.0
659,T Kohli,11.0,0.0,20.0,0.0,55.00000000000001,0.0,11.0,20.0,55.00000000000001,0,0.0,0.0,0.0
660,T Natarajan,0.0,3.0,0.0,5.0,0.0,60.0,3.0,5.0,60.0,T Natarajan,45.0,22.0,67.0
661,T Shamsi,0.0,2.0,0.0,4.0,0.0,50.0,2.0,4.0,50.0,T Shamsi,1.0,2.0,3.0
662,T Stubbs,206.0,199.0,129.0,110.0,159.68992248062014,180.9090909090909,405.0,239.0,169.4560669456067,T Stubbs,2.0,2.0,4.0
663,T Taibu,31.0,0.0,26.0,0.0,119.23076923076923,0.0,31.0,26.0,119.23076923076923,0,0.0,0.0,0.0
664,T Thushara,9.0,3.0,13.0,6.0,69.23076923076923,50.0,12.0,19.0,63.1578947368421,T Thushara,4.0,4.0,8.0
665,TA Boult,74.0,9.0,58.0,24.0,127.58620689655173,37.5,83.0,82.0,101.21951219512195,TA Boult,61.0,60.0,121.0
666,TD Paine,2.0,8.0,9.0,20.0,22.22222222222222,40.0,10.0,29.0,34.48275862068966,0,0.0,0.0,0.0
667,TG Southee,81.0,39.0,66.0,42.0,122.72727272727273,92.85714285714286,120.0,108.0,111.11111111111111,TG Southee,24.0,23.0,47.0
668,TH David,242.0,417.0,182.0,235.0,132.96703296703296,177.4468085106383,659.0,417.0,158.0335731414868,0,0.0,0.0,0.0
669,TK Curran,36.0,91.0,37.0,71.0,97.2972972972973,128.16901408450704,127.0,108.0,117.59259259259258,TK Curran,6.0,7.0,13.0
670,TL Seifert,2.0,24.0,5.0,21.0,40.0,114.28571428571428,26.0,26.0,100.0,0,0.0,0.0,0.0
671,TL Suman,286.0,390.0,221.0,366.0,129.41176470588235,106.55737704918033,676.0,587.0,115.1618398637138,TL Suman,3.0,3.0,6.0
672,TM Dilshan,573.0,580.0,530.0,517.0,108.11320754716982,112.18568665377175,1153.0,1047.0,110.12416427889207,TM Dilshan,4.0,1.0,5.0
673,TM Head,600.0,172.0,357.0,101.0,168.0672268907563,170.2970297029703,772.0,458.0,168.5589519650655,TM Head,0.0,2.0,2.0
674,TM Srivastava,1.0,7.0,1.0,10.0,100.0,70.0,8.0,11.0,72.72727272727273,0,0.0,0.0,0.0
675,0,0.0,0.0,0.0,0.0,0.0,0.0,0.0,0.0,0.0,TP Sudhindra,1.0,0.0,1.0
676,TR Birt,47.0,28.0,28.0,31.0,167.85714285714286,90.32258064516128,75.0,59.0,127.11864406779661,0,0.0,0.0,0.0
677,TS Mills,0.0,8.0,3.0,11.0,0.0,72.72727272727273,8.0,14.0,57.14285714285714,TS Mills,6.0,5.0,11.0
678,TU Deshpande,0.0,21.0,3.0,12.0,0.0,175.0,21.0,15.0,140.0,TU Deshpande,17.0,25.0,42.0
679,Tanush Kotian,0.0,24.0,0.0,32.0,0.0,75.0,24.0,32.0,75.0,0,0.0,0.0,0.0
680,0,0.0,0.0,0.0,0.0,0.0,0.0,0.0,0.0,0.0,Tejas Baroka,0.0,0.0,0.0
681,Tilak Varma,445.0,711.0,335.0,495.0,132.8358208955224,143.63636363636363,1156.0,830.0,139.27710843373492,Tilak Varma,0.0,0.0,0.0
682,U Kaul,0.0,0.0,0.0,1.0,0.0,0.0,0.0,1.0,0.0,0,0.0,0.0,0.0
683,UA Birla,0.0,7.0,0.0,15.0,0.0,46.666666666666664,7.0,15.0,46.666666666666664,0,0.0,0.0,0.0
684,UBT Chand,124.0,176.0,138.0,176.0,89.85507246376811,100.0,300.0,314.0,95.54140127388536,0,0.0,0.0,0.0
685,UT Khawaja,37.0,90.0,23.0,82.0,160.8695652173913,109.75609756097562,127.0,105.0,120.95238095238095,0,0.0,0.0,0.0
686,UT Yadav,46.0,162.0,67.0,144.0,68.65671641791045,112.5,208.0,211.0,98.5781990521327,UT Yadav,98.0,46.0,144.0
687,Umar Gul,13.0,26.0,6.0,13.0,216.66666666666666,200.0,39.0,19.0,205.26315789473685,Umar Gul,9.0,3.0,12.0
688,Umran Malik,0.0,23.0,1.0,15.0,0.0,153.33333333333334,23.0,16.0,143.75,Umran Malik,17.0,12.0,29.0
689,0,0.0,0.0,0.0,0.0,0.0,0.0,0.0,0.0,0.0,V Kaverappa,2.0,0.0,2.0
690,V Kohli,4400.0,3604.0,3473.0,2759.0,126.69162107687877,130.62703878216746,8014.0,6236.0,128.51186658114176,V Kohli,4.0,0.0,4.0
691,V Pratap Singh,0.0,0.0,1.0,0.0,0.0,0.0,0.0,1.0,0.0,V Pratap Singh,5.0,5.0,10.0
692,V Sehwag,1301.0,1427.0,927.0,906.0,140.34519956850053,157.5055187637969,2728.0,1833.0,148.82705946535734,V Sehwag,4.0,2.0,6.0
693,V Shankar,475.0,640.0,356.0,534.0,133.42696629213484,119.85018726591761,1115.0,890.0,125.2808988764045,V Shankar,8.0,1.0,9.0
694,V Viyaskanth,7.0,0.0,5.0,0.0,140.0,0.0,7.0,5.0,140.0,V Viyaskanth,1.0,0.0,1.0
695,VG Arora,8.0,1.0,16.0,1.0,50.0,100.0,9.0,17.0,52.94117647058824,VG Arora,8.0,11.0,19.0
696,VH Zol,29.0,0.0,26.0,0.0,111.53846153846155,0.0,29.0,26.0,111.53846153846155,0,0.0,0.0,0.0
697,VR Aaron,25.0,25.0,37.0,36.0,67.56756756756756,69.44444444444444,50.0,73.0,68.4931506849315,VR Aaron,35.0,9.0,44.0
698,VR Iyer,599.0,727.0,457.0,543.0,131.07221006564552,133.88581952117863,1326.0,1000.0,132.6,VR Iyer,2.0,1.0,3.0
699,VRV Singh,4.0,0.0,2.0,1.0,200.0,0.0,4.0,3.0,133.33333333333331,VRV Singh,8.0,4.0,12.0
700,VS Malik,6.0,1.0,5.0,2.0,120.0,50.0,7.0,7.0,100.0,VS Malik,3.0,3.0,6.0
701,VS Yeligati,0.0,2.0,0.0,2.0,0.0,100.0,2.0,2.0,100.0,VS Yeligati,0.0,0.0,0.0
702,VVS Laxman,147.0,135.0,146.0,125.0,100.68493150684932,108.0,282.0,271.0,104.0590405904059,0,0.0,0.0,0.0
703,VY Mahesh,6.0,9.0,6.0,22.0,100.0,40.909090909090914,15.0,28.0,53.57142857142857,VY Mahesh,17.0,4.0,21.0
704,Vijaykumar Vyshak,0.0,14.0,2.0,11.0,0.0,127.27272727272727,14.0,13.0,107.6923076923077,Vijaykumar Vyshak,5.0,8.0,13.0
705,Virat Singh,0.0,15.0,0.0,26.0,0.0,57.692307692307686,15.0,26.0,57.692307692307686,0,0.0,0.0,0.0
706,Vishnu Vinod,49.0,7.0,46.0,12.0,106.5217391304348,58.333333333333336,56.0,58.0,96.55172413793103,0,0.0,0.0,0.0
707,Vivrant Sharma,69.0,0.0,49.0,0.0,140.81632653061226,0.0,69.0,49.0,140.81632653061226,Vivrant Sharma,0.0,0.0,0.0
708,W Jaffer,52.0,78.0,51.0,78.0,101.96078431372548,100.0,130.0,129.0,100.7751937984496,0,0.0,0.0,0.0
709,WA Mota,48.0,8.0,62.0,14.0,77.41935483870968,57.14285714285714,56.0,76.0,73.68421052631578,WA Mota,4.0,0.0,4.0
710,WD Parnell,51.0,14.0,55.0,31.0,92.72727272727272,45.16129032258064,65.0,86.0,75.5813953488372,WD Parnell,13.0,22.0,35.0
711,WG Jacks,67.0,163.0,52.0,81.0,128.84615384615387,201.23456790123458,230.0,133.0,172.93233082706766,WG Jacks,0.0,2.0,2.0
712,WP Saha,1681.0,1253.0,1340.0,1028.0,125.44776119402985,121.88715953307394,2934.0,2368.0,123.90202702702702,0,0.0,0.0,0.0
713,WPUJC Vaas,62.0,19.0,58.0,15.0,106.89655172413792,126.66666666666666,81.0,73.0,110.95890410958904,WPUJC Vaas,5.0,13.0,18.0
714,Washington Sundar,157.0,221.0,162.0,179.0,96.91358024691358,123.463687150838,378.0,341.0,110.85043988269794,Washington Sundar,20.0,17.0,37.0
715,X Thalaivan Sargunam,10.0,0.0,17.0,0.0,58.82352941176471,0.0,10.0,17.0,58.82352941176471,0,0.0,0.0,0.0
716,Y Gnaneswara Rao,0.0,19.0,0.0,18.0,0.0,105.55555555555556,19.0,18.0,105.55555555555556,Y Gnaneswara Rao,0.0,0.0,0.0
717,Y Nagar,152.0,133.0,166.0,105.0,91.56626506024097,126.66666666666666,285.0,271.0,105.1660516605166,Y Nagar,1.0,3.0,4.0
718,Y Prithvi Raj,0.0,0.0,1.0,0.0,0.0,0.0,0.0,1.0,0.0,Y Prithvi Raj,0.0,1.0,1.0
719,Y Venugopal Rao,521.0,464.0,476.0,389.0,109.45378151260505,119.280205655527,985.0,865.0,113.87283236994219,Y Venugopal Rao,4.0,2.0,6.0
720,YA Abdulla,0.0,0.0,1.0,0.0,0.0,0.0,0.0,1.0,0.0,YA Abdulla,9.0,6.0,15.0
721,YBK Jaiswal,743.0,864.0,508.0,587.0,146.25984251968504,147.18909710391824,1607.0,1095.0,146.7579908675799,YBK Jaiswal,0.0,0.0,0.0
722,YK Pathan,1325.0,1879.0,1037.0,1293.0,127.77242044358728,145.32095901005414,3222.0,2334.0,138.04627249357327,YK Pathan,27.0,15.0,42.0
723,YS Chahal,9.0,28.0,22.0,67.0,40.909090909090914,41.7910447761194,37.0,89.0,41.57303370786517,YS Chahal,90.0,115.0,205.0
724,YV Dhull,2.0,14.0,4.0,19.0,50.0,73.68421052631578,16.0,23.0,69.56521739130434,0,0.0,0.0,0.0
725,YV Takawale,62.0,130.0,61.0,122.0,101.63934426229508,106.55737704918033,192.0,183.0,104.91803278688525,0,0.0,0.0,0.0
726,Yash Dayal,0.0,0.0,1.0,0.0,0.0,0.0,0.0,1.0,0.0,Yash Dayal,11.0,17.0,28.0
727,0,0.0,0.0,0.0,0.0,0.0,0.0,0.0,0.0,0.0,Yash Thakur,8.0,16.0,24.0
728,Yashpal Singh,13.0,34.0,21.0,46.0,61.904761904761905,73.91304347826086,47.0,67.0,70.1492537313433,0,0.0,0.0,0.0
729,Younis Khan,0.0,3.0,0.0,7.0,0.0,42.857142857142854,3.0,7.0,42.857142857142854,0,0.0,0.0,0.0
730,Yudhvir Singh,1.0,21.0,2.0,14.0,50.0,150.0,22.0,16.0,137.5,Yudhvir Singh,2.0,2.0,4.0
731,Yuvraj Singh,1510.0,1240.0,1131.0,1074.0,133.5101679929266,115.45623836126629,2754.0,2207.0,124.78477571363842,Yuvraj Singh,16.0,20.0,36.0
732,Z Khan,61.0,56.0,56.0,85.0,108.92857142857142,65.88235294117646,117.0,141.0,82.97872340425532,Z Khan,50.0,52.0,102.0
