,striker,runsin2021,runsin2022,runsin2023,runsin2024,ballsfacedin2021,ballsfacedin2022,ballsfacedin2023,ballsfacedin2024,wicketsin2021,wicketsin2022,wicketsin2023,wicketsin2024,ballsbowledin2021,ballsbowledin2022,ballsbowledin2023,ballsbowledin2024,givenin2021,givenin2022,givenin2023,givenin2024,totalrunsscored,totalballsfaced,totalwickets,totalballsbowled,totalrunsgiven,batting_strike_rate,oversbowled_clean,economyrate
0,A Badoni,0,161,238,235,0,139,186,180,0.0,2.0,0.0,0.0,0.0,12.0,1.0,12.0,0.0,13.0,0.0,25.0,634,505,2.0,25.0,38.0,125.54,4.1,9.27
1,A Kamboj,0,0,0,2,0,0,0,2,0.0,0.0,0.0,2.0,0.0,0.0,0.0,68.0,0.0,0.0,0.0,124.0,2,2,2.0,68.0,124.0,100.0,11.2,11.07
2,A Manohar,0,108,114,9,0,79,86,16,0.0,0.0,0.0,0.0,0.0,0.0,0.0,0.0,0.0,0.0,0.0,0.0,231,181,0.0,0.0,0.0,127.62,0.0,
3,A Mishra,0,0,19,0,0,0,30,0,6.0,0.0,7.0,1.0,66.0,0.0,115.0,12.0,82.0,0.0,154.0,20.0,19,30,14.0,193.0,256.0,63.33,32.1,7.98
4,A Nortje,0,1,37,4,0,7,29,9,12.0,9.0,10.0,7.0,187.0,143.0,251.0,140.0,222.0,230.0,387.0,310.0,42,45,38.0,721.0,1149.0,93.33,120.1,9.57
5,A Raghuvanshi,0,0,0,163,0,0,0,109,0.0,0.0,0.0,0.0,0.0,0.0,0.0,0.0,0.0,0.0,0.0,0.0,163,109,0.0,0.0,0.0,149.54,0.0,
6,A Tomar,0,4,0,0,0,8,0,0,0.0,0.0,0.0,0.0,0.0,0.0,0.0,0.0,0.0,0.0,0.0,0.0,4,8,0.0,0.0,0.0,50.0,0.0,
7,A Zampa,0,0,10,0,0,0,17,0,0.0,0.0,8.0,0.0,0.0,0.0,133.0,0.0,0.0,0.0,192.0,0.0,10,17,8.0,133.0,192.0,58.82,22.1,8.69
8,AA Kulkarni,0,0,0,9,0,0,0,8,0.0,0.0,0.0,0.0,0.0,0.0,0.0,0.0,0.0,0.0,0.0,0.0,9,8,0.0,0.0,0.0,112.5,0.0,
9,AB de Villiers,264,0,0,0,183,0,0,0,0.0,0.0,0.0,0.0,0.0,0.0,0.0,0.0,0.0,0.0,0.0,0.0,264,183,0.0,0.0,0.0,144.26,0.0,
10,AD Russell,169,335,227,222,106,200,162,141,5.0,17.0,7.0,19.0,90.0,176.0,99.0,188.0,149.0,297.0,182.0,325.0,953,609,48.0,553.0,953.0,156.49,92.1,10.35
11,AF Milne,16,0,0,0,19,0,0,0,3.0,0.0,0.0,0.0,87.0,15.0,0.0,0.0,142.0,19.0,0.0,0.0,16,19,3.0,102.0,161.0,84.21,17.0,9.47
12,AJ Finch,0,86,0,0,0,70,0,0,0.0,0.0,0.0,0.0,0.0,0.0,0.0,0.0,0.0,0.0,0.0,0.0,86,70,0.0,0.0,0.0,122.86,0.0,
13,AJ Hosein,0,0,16,0,0,0,11,0,0.0,0.0,1.0,0.0,0.0,0.0,24.0,0.0,0.0,0.0,42.0,0.0,16,11,1.0,24.0,42.0,145.45,4.0,10.5
14,AJ Turner,0,0,0,21,0,0,0,20,0.0,0.0,0.0,0.0,0.0,0.0,0.0,0.0,0.0,0.0,0.0,0.0,21,20,0.0,0.0,0.0,105.0,0.0,
15,AK Markram,146,381,248,220,123,277,200,187,0.0,1.0,1.0,0.0,25.0,36.0,49.0,13.0,24.0,64.0,72.0,16.0,995,787,2.0,123.0,176.0,126.43,20.3,8.67
16,AM Rahane,0,133,326,242,0,131,193,200,0.0,0.0,0.0,0.0,0.0,0.0,0.0,0.0,0.0,0.0,0.0,0.0,701,524,0.0,0.0,0.0,133.78,0.0,
17,AR Patel,40,182,283,235,52,122,216,183,15.0,6.0,11.0,11.0,279.0,261.0,288.0,265.0,313.0,329.0,360.0,344.0,740,573,43.0,1093.0,1346.0,129.14,182.1,7.39
18,AS Joseph,0,5,7,0,0,7,12,0,0.0,7.0,7.0,1.0,0.0,185.0,150.0,64.0,0.0,280.0,233.0,138.0,12,19,15.0,399.0,651.0,63.16,66.3,9.82
19,AS Roy,0,0,23,3,0,2,19,3,0.0,1.0,3.0,0.0,0.0,42.0,51.0,34.0,0.0,55.0,68.0,60.0,26,24,4.0,127.0,183.0,108.33,21.1,8.67
20,AT Rayudu,234,274,158,0,158,230,115,0,0.0,0.0,0.0,0.0,0.0,0.0,0.0,0.0,0.0,0.0,0.0,0.0,666,503,0.0,0.0,0.0,132.41,0.0,
21,AU Rashid,0,0,22,0,0,0,17,0,0.0,0.0,2.0,0.0,18.0,0.0,42.0,0.0,35.0,0.0,56.0,0.0,22,17,2.0,60.0,91.0,129.41,10.0,9.1
22,Abdul Basith,0,0,1,0,0,0,1,0,0.0,0.0,0.0,0.0,0.0,0.0,0.0,0.0,0.0,0.0,0.0,0.0,1,1,0.0,0.0,0.0,100.0,0.0,
23,Abdul Samad,92,4,169,182,79,7,131,113,1.0,0.0,0.0,0.0,6.0,6.0,0.0,0.0,9.0,8.0,0.0,0.0,447,330,1.0,12.0,17.0,135.45,2.0,8.5
24,Abhishek Sharma,98,426,226,484,78,329,166,248,4.0,0.0,2.0,2.0,63.0,24.0,75.0,42.0,71.0,40.0,133.0,51.0,1234,821,8.0,204.0,295.0,150.3,34.0,8.68
25,Abishek Porel,0,0,33,327,0,0,31,213,0.0,0.0,0.0,0.0,0.0,0.0,0.0,0.0,0.0,0.0,0.0,0.0,360,244,0.0,0.0,0.0,147.54,0.0,
26,Akash Deep,0,0,17,2,0,2,8,2,0.0,5.0,1.0,1.0,0.0,119.0,33.0,23.0,0.0,213.0,70.0,57.0,19,12,7.0,175.0,340.0,158.33,29.1,11.68
27,Akash Madhwal,0,0,0,4,0,0,0,5,0.0,0.0,14.0,5.0,0.0,0.0,160.0,119.0,0.0,0.0,232.0,223.0,4,5,19.0,279.0,455.0,80.0,46.3,9.83
28,Aman Hakim Khan,0,5,110,0,0,3,106,0,0.0,0.0,0.0,0.0,0.0,0.0,0.0,0.0,0.0,0.0,0.0,0.0,115,109,0.0,0.0,0.0,105.5,0.0,
29,Anmolpreet Singh,16,13,105,5,14,13,83,7,0.0,0.0,0.0,0.0,0.0,0.0,0.0,0.0,0.0,0.0,0.0,0.0,139,117,0.0,0.0,0.0,118.8,0.0,
30,Anuj Rawat,0,129,91,98,1,123,72,80,0.0,0.0,0.0,0.0,0.0,0.0,0.0,0.0,0.0,0.0,0.0,0.0,318,276,0.0,0.0,0.0,115.22,0.0,
31,Arjun Tendulkar,0,0,13,0,0,0,9,0,0.0,0.0,3.0,0.0,0.0,0.0,68.0,15.0,0.0,0.0,107.0,23.0,13,9,3.0,83.0,130.0,144.44,13.5,9.63
32,Arshad Khan,0,0,18,78,0,0,15,52,0.0,0.0,5.0,1.0,0.0,0.0,97.0,56.0,0.0,0.0,208.0,98.0,96,67,6.0,153.0,306.0,143.28,25.3,12.09
33,Arshad Khan (2),0,0,0,5,0,0,0,4,0.0,0.0,0.0,0.0,0.0,0.0,0.0,0.0,0.0,0.0,0.0,0.0,5,4,0.0,0.0,0.0,125.0,0.0,
34,Arshdeep Singh,2,21,2,4,3,30,2,4,15.0,10.0,17.0,19.0,239.0,317.0,324.0,326.0,334.0,440.0,520.0,547.0,29,39,61.0,1206.0,1841.0,74.36,201.0,9.16
35,Ashutosh Sharma,0,0,0,189,0,0,0,118,0.0,0.0,0.0,0.0,0.0,0.0,0.0,0.0,0.0,0.0,0.0,0.0,189,118,0.0,0.0,0.0,160.17,0.0,
36,Atharva Taide,0,0,186,61,0,0,136,41,0.0,0.0,0.0,0.0,0.0,0.0,0.0,0.0,0.0,0.0,0.0,0.0,247,177,0.0,0.0,0.0,139.55,0.0,
37,Avesh Khan,5,22,0,10,3,13,1,5,19.0,18.0,8.0,19.0,334.0,300.0,176.0,346.0,442.0,448.0,297.0,558.0,37,22,64.0,1156.0,1745.0,168.18,192.4,9.07
38,Azmatullah Omarzai,0,0,0,42,0,0,0,34,0.0,0.0,0.0,4.0,0.0,0.0,0.0,131.0,0.0,0.0,0.0,207.0,42,34,4.0,131.0,207.0,123.53,21.5,9.63
39,B Indrajith,0,21,0,0,0,31,0,0,0.0,0.0,0.0,0.0,0.0,0.0,0.0,0.0,0.0,0.0,0.0,0.0,21,31,0.0,0.0,0.0,67.74,0.0,
40,B Kumar,32,24,42,23,30,28,49,30,4.0,12.0,16.0,11.0,209.0,330.0,319.0,357.0,267.0,430.0,456.0,592.0,121,137,43.0,1215.0,1745.0,88.32,202.3,8.63
41,B Sai Sudharsan,0,145,362,527,0,118,264,388,0.0,0.0,0.0,0.0,0.0,0.0,0.0,0.0,0.0,0.0,0.0,0.0,1034,770,0.0,0.0,0.0,134.29,0.0,
42,BA Stokes,0,0,15,0,0,0,15,0,0.0,0.0,0.0,0.0,0.0,0.0,0.0,0.0,0.0,0.0,0.0,0.0,15,15,0.0,0.0,0.0,100.0,0.0,
43,BR Sharath,0,0,0,2,0,0,0,5,0.0,0.0,0.0,0.0,0.0,0.0,0.0,0.0,0.0,0.0,0.0,0.0,2,5,0.0,0.0,0.0,40.0,0.0,
44,C Green,0,0,452,255,0,0,287,185,0.0,0.0,6.0,10.0,0.0,0.0,239.0,223.0,0.0,0.0,397.0,319.0,707,472,16.0,462.0,716.0,149.79,77.0,9.3
45,C Sakariya,16,0,4,0,25,0,6,0,11.0,3.0,3.0,0.0,285.0,71.0,55.0,0.0,400.0,96.0,96.0,0.0,20,31,17.0,411.0,592.0,64.52,68.3,8.67
46,CH Gayle,153,0,0,0,131,0,0,0,0.0,0.0,0.0,0.0,0.0,0.0,0.0,0.0,0.0,0.0,0.0,0.0,153,131,0.0,0.0,0.0,116.79,0.0,
47,CH Morris,29,0,0,0,31,0,0,0,12.0,0.0,0.0,0.0,218.0,0.0,0.0,0.0,365.0,0.0,0.0,0.0,29,31,12.0,218.0,365.0,93.55,36.2,10.08
48,CJ Jordan,32,11,6,0,21,9,13,0,4.0,2.0,3.0,0.0,74.0,80.0,140.0,0.0,112.0,140.0,254.0,0.0,49,43,9.0,294.0,506.0,113.95,49.0,10.33
49,CV Varun,2,12,1,0,4,18,11,0,17.0,6.0,20.0,21.0,367.0,245.0,323.0,309.0,404.0,355.0,473.0,429.0,15,33,64.0,1244.0,1661.0,45.45,207.2,8.02
50,D Brevis,0,161,0,69,0,116,0,60,0.0,1.0,0.0,0.0,0.0,3.0,0.0,0.0,0.0,8.0,0.0,0.0,230,176,1.0,3.0,8.0,130.68,0.3,26.67
51,D Ferreira,0,0,0,8,0,0,0,11,0.0,0.0,0.0,0.0,0.0,0.0,0.0,0.0,0.0,0.0,0.0,0.0,8,11,0.0,0.0,0.0,72.73,0.0,
52,D Padikkal,400,376,261,38,327,317,206,60,0.0,0.0,0.0,0.0,0.0,0.0,0.0,0.0,0.0,0.0,0.0,0.0,1075,910,0.0,0.0,0.0,118.13,0.0,
53,D Pretorius,0,44,0,0,0,28,0,0,0.0,6.0,0.0,0.0,0.0,138.0,28.0,0.0,0.0,228.0,34.0,0.0,44,28,6.0,166.0,262.0,157.14,27.4,9.56
54,D Wiese,0,0,21,0,0,0,11,0,0.0,0.0,0.0,0.0,0.0,0.0,0.0,0.0,0.0,0.0,0.0,0.0,21,11,0.0,0.0,0.0,190.91,0.0,
55,DA Miller,62,481,259,210,72,348,184,149,0.0,0.0,0.0,0.0,0.0,0.0,0.0,0.0,0.0,0.0,0.0,0.0,1012,753,0.0,0.0,0.0,134.4,0.0,
56,DA Warner,138,432,516,168,145,301,406,130,0.0,0.0,0.0,0.0,0.0,0.0,0.0,0.0,0.0,0.0,0.0,0.0,1254,982,0.0,0.0,0.0,127.7,0.0,
57,DG Nalkande,0,0,0,12,0,0,1,11,0.0,2.0,1.0,3.0,0.0,33.0,25.0,31.0,0.0,61.0,47.0,49.0,12,12,6.0,89.0,157.0,100.0,14.5,10.83
58,DJ Bravo,47,23,0,0,22,26,0,0,13.0,16.0,0.0,0.0,196.0,229.0,0.0,0.0,256.0,330.0,0.0,0.0,70,48,29.0,425.0,586.0,145.83,70.5,8.31
59,DJ Hooda,96,451,84,145,97,340,93,107,2.0,1.0,0.0,0.0,96.0,24.0,6.0,19.0,136.0,43.0,8.0,23.0,776,637,3.0,145.0,210.0,121.82,24.1,8.71
60,DJ Malan,26,0,0,0,26,0,0,0,0.0,0.0,0.0,0.0,0.0,0.0,0.0,0.0,0.0,0.0,0.0,0.0,26,26,0.0,0.0,0.0,100.0,0.0,
61,DJ Mitchell,0,33,0,318,0,46,0,228,0.0,0.0,0.0,1.0,0.0,13.0,0.0,38.0,0.0,28.0,0.0,72.0,351,274,1.0,51.0,100.0,128.1,8.3,12.05
62,DJ Willey,0,18,35,0,0,32,32,0,0.0,1.0,3.0,0.0,0.0,66.0,94.0,0.0,0.0,78.0,111.0,0.0,53,64,4.0,160.0,189.0,82.81,26.4,7.16
63,DL Chahar,1,0,1,0,1,0,2,0,14.0,0.0,13.0,5.0,315.0,0.0,215.0,146.0,434.0,0.0,318.0,207.0,2,3,32.0,676.0,959.0,66.67,112.4,8.53
64,DP Conway,0,252,672,0,0,176,493,0,0.0,0.0,0.0,0.0,0.0,0.0,0.0,0.0,0.0,0.0,0.0,0.0,924,669,0.0,0.0,0.0,138.12,0.0,
65,DR Sams,6,38,0,0,6,40,0,0,1.0,13.0,0.0,0.0,38.0,274.0,0.0,0.0,41.0,407.0,0.0,0.0,44,46,14.0,312.0,448.0,95.65,52.0,8.62
66,DT Christian,12,0,0,0,19,0,0,0,4.0,0.0,0.0,0.0,85.0,0.0,0.0,0.0,132.0,0.0,0.0,0.0,12,19,4.0,85.0,132.0,63.16,14.1,9.36
67,Dhruv Jurel,0,0,152,195,0,0,93,144,0.0,0.0,0.0,0.0,0.0,0.0,0.0,0.0,0.0,0.0,0.0,0.0,347,237,0.0,0.0,0.0,146.41,0.0,
68,E Lewis,151,73,0,0,96,60,0,0,0.0,0.0,0.0,0.0,0.0,0.0,0.0,0.0,0.0,0.0,0.0,0.0,224,156,0.0,0.0,0.0,143.59,0.0,
69,EJG Morgan,124,0,0,0,132,0,0,0,0.0,0.0,0.0,0.0,0.0,0.0,0.0,0.0,0.0,0.0,0.0,0.0,124,132,0.0,0.0,0.0,93.94,0.0,
70,F du Plessis,621,468,730,438,458,377,483,276,0.0,0.0,0.0,0.0,0.0,0.0,0.0,0.0,0.0,0.0,0.0,0.0,2257,1594,0.0,0.0,0.0,141.59,0.0,
71,FA Allen,6,8,0,0,12,7,0,0,1.0,1.0,0.0,0.0,67.0,24.0,0.0,0.0,91.0,46.0,0.0,0.0,14,19,2.0,91.0,137.0,73.68,15.1,9.07
72,Fazalhaq Farooqi,0,2,1,0,0,8,5,0,0.0,2.0,4.0,0.0,0.0,76.0,86.0,0.0,0.0,114.0,127.0,0.0,3,13,6.0,162.0,241.0,23.08,27.0,8.93
73,G Coetzee,0,0,0,14,0,0,0,22,0.0,0.0,0.0,13.0,0.0,0.0,0.0,216.0,0.0,0.0,0.0,396.0,14,22,13.0,216.0,396.0,63.64,36.0,11.0
74,GD Phillips,26,0,39,0,33,0,22,0,1.0,0.0,1.0,0.0,13.0,0.0,18.0,0.0,21.0,0.0,20.0,0.0,65,55,2.0,31.0,41.0,118.18,5.1,8.04
75,GHS Garton,2,0,0,0,4,0,0,0,3.0,0.0,0.0,0.0,97.0,0.0,0.0,0.0,144.0,0.0,0.0,0.0,2,4,3.0,97.0,144.0,50.0,16.1,8.94
76,GJ Maxwell,415,301,400,52,298,184,225,46,3.0,6.0,3.0,6.0,99.0,146.0,64.0,98.0,138.0,169.0,98.0,135.0,1168,753,18.0,407.0,540.0,155.11,67.5,8.0
77,Gulbadin Naib,0,0,0,19,0,0,0,15,0.0,0.0,0.0,0.0,0.0,0.0,0.0,0.0,0.0,0.0,0.0,0.0,19,15,0.0,0.0,0.0,126.67,0.0,
78,H Klaasen,0,0,448,479,0,0,262,293,0.0,0.0,0.0,0.0,0.0,0.0,0.0,0.0,0.0,0.0,0.0,0.0,927,555,0.0,0.0,0.0,167.03,0.0,
79,HC Brook,0,0,190,0,0,0,159,0,0.0,0.0,0.0,0.0,0.0,0.0,0.0,0.0,0.0,0.0,0.0,0.0,190,159,0.0,0.0,0.0,119.5,0.0,
80,HE van der Dussen,0,22,0,0,0,25,0,0,0.0,0.0,0.0,0.0,0.0,0.0,0.0,0.0,0.0,0.0,0.0,0.0,22,25,0.0,0.0,0.0,88.0,0.0,
81,HH Pandya,99,487,346,216,89,387,254,154,0.0,8.0,3.0,11.0,0.0,189.0,156.0,226.0,0.0,236.0,260.0,401.0,1148,884,22.0,571.0,897.0,129.86,95.1,9.43
82,HR Shokeen,0,43,23,0,0,48,19,0,0.0,2.0,3.0,0.0,0.0,94.0,119.0,0.0,0.0,137.0,202.0,0.0,66,67,5.0,213.0,339.0,98.51,35.3,9.6
83,HV Patel,55,43,6,13,45,42,6,19,25.0,19.0,14.0,24.0,310.0,338.0,302.0,317.0,431.0,457.0,504.0,520.0,117,112,82.0,1267.0,1912.0,104.46,211.1,9.06
84,Harbhajan Singh,2,0,0,0,2,0,0,0,0.0,0.0,0.0,0.0,0.0,0.0,0.0,0.0,0.0,0.0,0.0,0.0,2,2,0.0,0.0,0.0,100.0,0.0,
85,Harpreet Brar,64,22,52,75,61,25,42,59,5.0,4.0,9.0,7.0,141.0,100.0,166.0,230.0,150.0,155.0,223.0,321.0,213,187,25.0,637.0,849.0,113.9,106.1,8.0
86,Harpreet Singh,0,0,76,27,0,0,59,34,0.0,0.0,0.0,0.0,0.0,0.0,0.0,0.0,0.0,0.0,0.0,0.0,103,93,0.0,0.0,0.0,110.75,0.0,
87,Harshit Rana,0,2,0,0,0,2,1,0,0.0,1.0,5.0,19.0,0.0,31.0,108.0,264.0,0.0,54.0,165.0,398.0,2,3,25.0,403.0,617.0,66.67,67.1,9.2
88,I Sharma,0,0,1,1,0,0,1,8,1.0,0.0,10.0,10.0,72.0,0.0,157.0,182.0,99.0,0.0,223.0,291.0,2,9,21.0,411.0,613.0,22.22,68.3,8.98
89,Ishan Kishan,212,418,454,320,159,355,325,222,0.0,0.0,0.0,0.0,0.0,0.0,0.0,0.0,0.0,0.0,0.0,0.0,1404,1061,0.0,0.0,0.0,132.33,0.0,
90,J Fraser-McGurk,0,0,0,330,0,0,0,150,0.0,0.0,0.0,0.0,0.0,0.0,0.0,0.0,0.0,0.0,0.0,0.0,330,150,0.0,0.0,0.0,220.0,0.0,
91,J Suchith,14,2,0,0,6,8,0,0,0.0,7.0,0.0,0.0,42.0,115.0,0.0,0.0,66.0,150.0,0.0,0.0,16,14,7.0,157.0,216.0,114.29,26.1,8.28
92,J Yadav,34,0,0,0,26,0,0,0,2.0,0.0,0.0,0.0,106.0,0.0,24.0,0.0,136.0,0.0,26.0,0.0,34,26,2.0,130.0,162.0,130.77,21.4,7.57
93,JA Richardson,15,0,0,2,23,0,0,2,2.0,0.0,0.0,0.0,37.0,0.0,0.0,25.0,63.0,0.0,0.0,42.0,17,25,2.0,62.0,105.0,68.0,10.2,10.29
94,JC Archer,0,0,4,0,0,0,4,0,0.0,0.0,2.0,0.0,0.0,0.0,129.0,0.0,0.0,0.0,227.0,0.0,4,4,2.0,129.0,227.0,100.0,21.3,10.66
95,JC Buttler,227,863,392,359,153,596,298,266,0.0,0.0,0.0,0.0,0.0,0.0,0.0,0.0,0.0,0.0,0.0,0.0,1841,1313,0.0,0.0,0.0,140.21,0.0,
96,JD Unadkat,30,59,9,24,25,37,7,27,1.0,6.0,0.0,8.0,110.0,123.0,52.0,200.0,155.0,196.0,100.0,336.0,122,96,15.0,485.0,787.0,127.08,80.5,9.78
97,JDS Neesham,0,31,0,0,2,27,0,0,5.0,0.0,0.0,0.0,54.0,18.0,0.0,0.0,70.0,29.0,0.0,0.0,31,29,5.0,72.0,99.0,106.9,12.0,8.25
98,JE Root,0,0,10,0,0,0,15,0,0.0,0.0,0.0,0.0,0.0,0.0,0.0,0.0,0.0,0.0,0.0,0.0,10,15,0.0,0.0,0.0,66.67,0.0,
99,JJ Bumrah,15,0,0,12,14,9,0,12,19.0,15.0,0.0,20.0,298.0,327.0,0.0,328.0,395.0,408.0,0.0,367.0,27,35,54.0,953.0,1170.0,77.14,158.5,7.38
100,JJ Roy,150,0,285,0,125,0,196,0,0.0,0.0,0.0,0.0,0.0,0.0,0.0,0.0,0.0,0.0,0.0,0.0,435,321,0.0,0.0,0.0,135.51,0.0,
101,JM Bairstow,181,253,0,298,125,180,0,197,0.0,0.0,0.0,0.0,0.0,0.0,0.0,0.0,0.0,0.0,0.0,0.0,732,502,0.0,0.0,0.0,145.82,0.0,
102,JM Sharma,0,234,309,187,0,149,205,147,0.0,0.0,0.0,0.0,0.0,0.0,0.0,0.0,0.0,0.0,0.0,0.0,730,501,0.0,0.0,0.0,145.71,0.0,
103,JO Holder,81,58,12,0,68,46,12,0,13.0,14.0,4.0,0.0,175.0,266.0,176.0,0.0,231.0,424.0,301.0,0.0,151,126,31.0,617.0,956.0,119.84,102.5,9.33
104,JP Behrendorff,0,0,6,0,0,0,9,0,0.0,0.0,14.0,0.0,0.0,0.0,262.0,0.0,0.0,0.0,417.0,0.0,6,9,14.0,262.0,417.0,66.67,43.4,9.61
105,JR Hazlewood,0,18,1,0,0,27,2,0,11.0,20.0,3.0,0.0,215.0,289.0,57.0,0.0,316.0,393.0,79.0,0.0,19,29,34.0,561.0,788.0,65.52,93.3,8.45
106,K Gowtham,0,0,61,0,0,2,44,0,0.0,5.0,3.0,0.0,0.0,72.0,100.0,13.0,0.0,103.0,122.0,32.0,61,46,8.0,185.0,257.0,132.61,30.5,8.43
107,K Kartikeya,0,3,6,0,0,6,7,0,0.0,5.0,5.0,0.0,0.0,78.0,163.0,0.0,0.0,104.0,243.0,0.0,9,13,10.0,241.0,347.0,69.23,40.1,8.65
108,K Rabada,4,48,0,20,2,47,2,17,13.0,23.0,7.0,11.0,322.0,303.0,147.0,262.0,452.0,442.0,263.0,410.0,72,68,54.0,1034.0,1567.0,105.88,172.2,9.1
109,K Yadav,0,0,0,0,4,0,0,0,0.0,0.0,2.0,0.0,12.0,0.0,42.0,0.0,18.0,0.0,68.0,0.0,0,4,2.0,54.0,86.0,0.0,9.0,9.56
110,KA Jamieson,49,0,0,0,42,0,0,0,7.0,0.0,0.0,0.0,135.0,0.0,0.0,0.0,221.0,0.0,0.0,0.0,49,42,7.0,135.0,221.0,116.67,22.3,9.91
111,KA Maharaj,0,0,0,1,0,0,0,2,0.0,0.0,0.0,2.0,0.0,0.0,0.0,36.0,0.0,0.0,0.0,39.0,1,2,2.0,36.0,39.0,50.0,6.0,6.5
112,KA Pollard,233,144,0,0,163,146,0,0,5.0,4.0,0.0,0.0,79.0,87.0,0.0,0.0,89.0,138.0,0.0,0.0,377,309,9.0,166.0,227.0,122.01,27.4,8.28
113,KD Karthik,193,330,140,326,151,188,106,195,0.0,0.0,0.0,0.0,0.0,0.0,0.0,0.0,0.0,0.0,0.0,0.0,989,640,0.0,0.0,0.0,154.53,0.0,
114,KH Pandya,121,183,188,133,110,150,172,112,3.0,10.0,9.0,6.0,161.0,232.0,253.0,205.0,244.0,277.0,328.0,276.0,625,544,28.0,851.0,1125.0,114.89,141.5,7.95
115,KK Ahmed,1,0,0,0,2,2,0,0,5.0,16.0,9.0,17.0,168.0,242.0,212.0,324.0,237.0,322.0,333.0,533.0,1,4,47.0,946.0,1425.0,25.0,157.4,9.05
116,KK Nair,0,16,0,0,0,18,0,0,0.0,0.0,0.0,0.0,0.0,0.0,0.0,0.0,0.0,0.0,0.0,0.0,16,18,0.0,0.0,0.0,88.89,0.0,
117,KL Nagarkoti,0,0,0,0,2,0,0,0,0.0,0.0,0.0,0.0,0.0,0.0,0.0,0.0,0.0,0.0,0.0,0.0,0,2,0.0,0.0,0.0,0.0,0.0,
118,KL Rahul,535,616,274,520,413,472,247,398,0.0,0.0,0.0,0.0,0.0,0.0,0.0,0.0,0.0,0.0,0.0,0.0,1945,1530,0.0,0.0,0.0,127.12,0.0,
119,KM Asif,0,0,0,0,0,0,2,0,1.0,0.0,3.0,0.0,14.0,0.0,91.0,0.0,19.0,0.0,149.0,0.0,0,2,4.0,105.0,168.0,0.0,17.3,9.71
120,KM Jadhav,55,0,12,0,55,0,10,0,0.0,0.0,0.0,0.0,0.0,0.0,0.0,0.0,0.0,0.0,0.0,0.0,67,65,0.0,0.0,0.0,103.08,0.0,
121,KR Mayers,0,0,379,0,0,0,276,0,0.0,0.0,0.0,0.0,0.0,0.0,0.0,0.0,0.0,0.0,0.0,0.0,379,276,0.0,0.0,0.0,137.32,0.0,
122,KR Sen,0,0,0,0,0,3,0,0,0.0,8.0,0.0,6.0,0.0,157.0,19.0,79.0,0.0,250.0,31.0,139.0,0,3,14.0,255.0,420.0,0.0,42.3,9.93
123,KS Bharat,191,8,0,0,161,7,0,0,0.0,0.0,0.0,0.0,0.0,0.0,0.0,0.0,0.0,0.0,0.0,0.0,199,168,0.0,0.0,0.0,118.45,0.0,
124,KS Sharma,0,4,12,0,0,4,21,0,0.0,0.0,0.0,0.0,0.0,0.0,0.0,0.0,0.0,0.0,0.0,0.0,16,25,0.0,0.0,0.0,64.0,0.0,
125,KS Williamson,266,216,0,27,247,235,0,27,0.0,0.0,0.0,0.0,0.0,0.0,0.0,0.0,0.0,0.0,0.0,0.0,509,509,0.0,0.0,0.0,100.0,0.0,
126,KV Sharma,0,0,3,31,0,0,5,16,0.0,0.0,10.0,7.0,0.0,0.0,132.0,149.0,0.0,0.0,238.0,263.0,34,21,17.0,281.0,501.0,161.9,46.5,10.77
127,Kartik Tyagi,2,7,0,0,4,6,0,0,4.0,1.0,1.0,0.0,93.0,54.0,44.0,26.0,137.0,85.0,99.0,55.0,9,10,6.0,217.0,376.0,90.0,36.1,10.42
128,Kuldeep Yadav,0,48,31,47,0,54,50,44,0.0,21.0,10.0,16.0,0.0,306.0,300.0,267.0,0.0,429.0,377.0,389.0,126,148,47.0,873.0,1195.0,85.14,145.3,8.22
129,Kumar Kushagra,0,0,0,3,0,0,0,7,0.0,0.0,0.0,0.0,0.0,0.0,0.0,0.0,0.0,0.0,0.0,0.0,3,7,0.0,0.0,0.0,42.86,0.0,
130,L Wood,0,0,0,9,0,0,0,3,0.0,0.0,0.0,1.0,0.0,0.0,0.0,38.0,0.0,0.0,0.0,97.0,9,3,1.0,38.0,97.0,300.0,6.2,15.65
131,LB Williams,0,0,0,1,0,0,0,2,0.0,0.0,0.0,1.0,0.0,0.0,0.0,42.0,0.0,0.0,0.0,87.0,1,2,1.0,42.0,87.0,50.0,7.0,12.43
132,LH Ferguson,18,5,0,1,13,4,0,1,13.0,12.0,1.0,9.0,186.0,298.0,50.0,147.0,234.0,455.0,108.0,268.0,24,18,35.0,681.0,1065.0,133.33,113.3,9.4
133,LS Livingstone,42,437,279,111,43,261,175,82,0.0,6.0,2.0,3.0,0.0,144.0,42.0,75.0,0.0,208.0,94.0,91.0,869,561,11.0,261.0,393.0,154.9,43.3,9.08
134,Lalit Yadav,48,161,66,10,50,152,62,12,4.0,4.0,2.0,0.0,84.0,110.0,82.0,18.0,101.0,156.0,126.0,58.0,285,276,10.0,294.0,441.0,103.26,49.0,9.0
135,Liton Das,0,0,4,0,0,0,4,0,0.0,0.0,0.0,0.0,0.0,0.0,0.0,0.0,0.0,0.0,0.0,0.0,4,4,0.0,0.0,0.0,100.0,0.0,
136,M Ashwin,15,12,0,0,24,14,0,0,0.0,9.0,0.0,0.0,37.0,179.0,25.0,0.0,46.0,243.0,54.0,0.0,27,38,9.0,241.0,343.0,71.05,40.1,8.55
137,M Jansen,0,9,39,18,0,7,45,15,0.0,7.0,10.0,1.0,0.0,201.0,178.0,68.0,0.0,295.0,299.0,152.0,66,67,18.0,447.0,746.0,98.51,74.3,10.04
138,M Markande,0,0,21,0,0,0,14,0,0.0,1.0,12.0,8.0,18.0,42.0,230.0,142.0,26.0,65.0,303.0,269.0,21,14,21.0,432.0,663.0,150.0,72.0,9.21
139,M Prasidh Krishna,0,6,0,0,1,12,0,0,9.0,19.0,0.0,0.0,201.0,432.0,0.0,0.0,296.0,623.0,0.0,0.0,6,13,28.0,633.0,919.0,46.15,105.3,8.73
140,M Shahrukh Khan,147,117,156,127,114,118,100,77,0.0,0.0,0.0,0.0,0.0,0.0,0.0,0.0,0.0,0.0,0.0,0.0,547,409,0.0,0.0,0.0,133.74,0.0,
141,M Theekshana,0,7,0,0,0,7,0,0,0.0,12.0,11.0,2.0,0.0,212.0,298.0,121.0,0.0,275.0,415.0,149.0,7,7,25.0,631.0,839.0,100.0,105.1,7.98
142,M Vohra,21,19,10,0,20,12,11,0,0.0,0.0,0.0,0.0,0.0,0.0,0.0,0.0,0.0,0.0,0.0,0.0,50,43,0.0,0.0,0.0,116.28,0.0,
143,MA Agarwal,427,196,270,64,314,167,219,59,0.0,0.0,0.0,0.0,0.0,0.0,0.0,0.0,0.0,0.0,0.0,0.0,957,759,0.0,0.0,0.0,126.09,0.0,
144,MA Starc,0,0,0,9,0,0,0,11,0.0,0.0,0.0,17.0,0.0,0.0,0.0,267.0,0.0,0.0,0.0,486.0,9,11,17.0,267.0,486.0,81.82,44.3,10.97
145,MA Wood,0,0,11,0,0,0,5,0,0.0,0.0,11.0,0.0,0.0,0.0,102.0,0.0,0.0,0.0,160.0,0.0,11,5,11.0,102.0,160.0,220.0,17.0,9.41
146,MC Henriques,31,0,0,0,32,0,0,0,4.0,0.0,0.0,0.0,61.0,0.0,0.0,0.0,50.0,0.0,0.0,0.0,31,32,4.0,61.0,50.0,96.88,10.1,4.95
147,MD Shanaka,0,0,26,0,0,0,26,0,0.0,0.0,0.0,0.0,0.0,0.0,0.0,0.0,0.0,0.0,0.0,0.0,26,26,0.0,0.0,0.0,100.0,0.0,
148,MG Bracewell,0,0,58,0,0,0,49,0,0.0,0.0,6.0,0.0,0.0,0.0,66.0,0.0,0.0,0.0,95.0,0.0,58,49,6.0,66.0,95.0,118.37,11.0,8.64
149,MJ Santner,0,22,2,14,0,30,4,18,0.0,4.0,3.0,2.0,0.0,114.0,72.0,54.0,0.0,140.0,83.0,64.0,38,52,9.0,240.0,287.0,73.08,40.0,7.18
150,MJ Suthar,0,0,0,1,0,0,0,2,0.0,0.0,0.0,0.0,0.0,0.0,0.0,0.0,0.0,0.0,0.0,0.0,1,2,0.0,0.0,0.0,50.0,0.0,
151,MK Lomror,94,86,135,125,76,60,101,74,1.0,0.0,0.0,0.0,43.0,12.0,12.0,9.0,48.0,18.0,17.0,21.0,440,311,1.0,76.0,104.0,141.48,12.4,8.39
152,MK Pandey,193,88,160,42,159,84,149,33,0.0,0.0,0.0,0.0,0.0,0.0,0.0,0.0,0.0,0.0,0.0,0.0,483,425,0.0,0.0,0.0,113.65,0.0,
153,MM Ali,303,244,124,128,235,183,92,105,6.0,8.0,9.0,2.0,135.0,146.0,157.0,49.0,133.0,163.0,202.0,72.0,799,615,25.0,487.0,570.0,129.92,81.1,7.03
154,MM Sharma,0,0,0,2,0,0,1,16,0.0,0.0,27.0,13.0,0.0,0.0,268.0,245.0,0.0,0.0,366.0,442.0,2,17,40.0,513.0,808.0,11.76,85.3,9.47
155,MP Stoinis,75,156,408,388,59,116,281,272,2.0,4.0,5.0,4.0,50.0,44.0,69.0,87.0,81.0,81.0,106.0,135.0,1027,728,15.0,250.0,403.0,141.07,41.4,9.73
156,MR Marsh,0,251,128,61,0,192,97,41,0.0,4.0,12.0,1.0,0.0,76.0,132.0,54.0,0.0,106.0,185.0,109.0,440,330,17.0,262.0,400.0,133.33,43.4,9.22
157,MS Dhoni,114,232,104,161,109,198,63,82,0.0,0.0,0.0,0.0,0.0,0.0,0.0,0.0,0.0,0.0,0.0,0.0,611,452,0.0,0.0,0.0,135.18,0.0,
158,MS Wade,0,157,0,4,0,145,0,7,0.0,0.0,0.0,0.0,0.0,0.0,0.0,0.0,0.0,0.0,0.0,0.0,161,152,0.0,0.0,0.0,105.92,0.0,
159,MW Short,0,0,117,0,0,0,99,0,0.0,0.0,0.0,0.0,0.0,0.0,0.0,0.0,0.0,0.0,0.0,0.0,117,99,0.0,0.0,0.0,118.18,0.0,
160,Mandeep Singh,15,18,14,0,14,24,16,0,0.0,0.0,0.0,0.0,0.0,0.0,0.0,0.0,0.0,0.0,0.0,0.0,47,54,0.0,0.0,0.0,87.04,0.0,
161,Mayank Dagar,0,0,0,0,0,0,0,1,0.0,0.0,1.0,1.0,0.0,0.0,66.0,72.0,0.0,0.0,83.0,129.0,0,1,2.0,138.0,212.0,0.0,23.0,9.22
162,Mohammad Nabi,20,0,0,35,9,0,0,31,0.0,0.0,0.0,2.0,24.0,0.0,0.0,74.0,54.0,0.0,0.0,111.0,55,40,2.0,98.0,165.0,137.5,16.2,10.19
163,Mohammed Shami,13,0,5,0,17,0,8,0,15.0,20.0,28.0,0.0,285.0,378.0,403.0,0.0,362.0,522.0,561.0,0.0,18,25,63.0,1066.0,1445.0,72.0,177.4,8.15
164,Mohammed Siraj,20,30,1,12,25,33,2,9,9.0,9.0,19.0,15.0,271.0,325.0,329.0,350.0,331.0,564.0,449.0,545.0,63,69,52.0,1275.0,1889.0,91.3,212.3,8.9
165,Mohit Rathee,0,0,1,0,0,0,2,0,0.0,0.0,0.0,0.0,0.0,0.0,0.0,0.0,0.0,0.0,0.0,0.0,1,2,0.0,0.0,0.0,50.0,0.0,
166,Mohsin Khan,0,23,0,2,0,19,7,1,0.0,14.0,3.0,10.0,0.0,206.0,64.0,237.0,0.0,219.0,119.0,395.0,25,27,27.0,507.0,733.0,92.59,84.3,8.7
167,Mujeeb Ur Rahman,1,0,0,0,1,0,0,0,2.0,0.0,0.0,0.0,26.0,0.0,0.0,0.0,33.0,0.0,0.0,0.0,1,1,2.0,26.0,33.0,100.0,4.2,7.86
168,Mukesh Choudhary,0,6,0,0,0,6,0,0,0.0,16.0,0.0,0.0,0.0,291.0,0.0,7.0,0.0,444.0,0.0,28.0,6,6,16.0,298.0,472.0,100.0,49.4,9.55
169,Mukesh Kumar,0,0,7,3,0,0,10,10,0.0,0.0,7.0,17.0,0.0,0.0,197.0,223.0,0.0,0.0,341.0,400.0,10,20,24.0,420.0,741.0,50.0,70.0,10.59
170,Mustafizur Rahman,8,3,1,0,14,5,1,0,12.0,8.0,1.0,14.0,273.0,199.0,42.0,225.0,400.0,259.0,79.0,349.0,12,20,35.0,739.0,1087.0,60.0,123.1,8.83
171,N Jagadeesan,0,40,89,0,0,40,84,0,0.0,0.0,0.0,0.0,0.0,0.0,0.0,0.0,0.0,0.0,0.0,0.0,129,124,0.0,0.0,0.0,104.03,0.0,
172,N Pooran,85,306,358,499,76,228,217,296,0.0,0.0,0.0,0.0,0.0,0.0,0.0,0.0,0.0,0.0,0.0,0.0,1248,817,0.0,0.0,0.0,152.75,0.0,
173,N Rana,246,361,413,42,221,259,303,35,0.0,0.0,3.0,0.0,12.0,12.0,54.0,0.0,12.0,23.0,76.0,0.0,1062,818,3.0,78.0,111.0,129.83,13.0,8.54
174,N Wadhera,0,0,241,109,0,0,171,90,0.0,0.0,0.0,0.0,0.0,0.0,0.0,0.0,0.0,0.0,0.0,0.0,350,261,0.0,0.0,0.0,134.1,0.0,
175,NA Saini,2,0,0,0,5,0,0,0,0.0,0.0,0.0,0.0,0.0,0.0,0.0,0.0,0.0,0.0,0.0,0.0,2,5,0.0,0.0,0.0,40.0,0.0,
176,NM Coulter-Nile,4,1,0,0,5,2,0,0,7.0,0.0,0.0,0.0,121.0,20.0,0.0,0.0,136.0,52.0,0.0,0.0,5,7,7.0,141.0,188.0,71.43,23.3,8.07
177,NT Ellis,18,0,1,0,17,2,7,0,1.0,3.0,13.0,1.0,68.0,40.0,233.0,24.0,94.0,63.0,351.0,24.0,19,26,18.0,365.0,532.0,73.08,60.5,8.79
178,Naman Dhir,0,0,0,140,0,0,0,84,0.0,0.0,0.0,0.0,0.0,0.0,0.0,0.0,0.0,0.0,0.0,0.0,140,84,0.0,0.0,0.0,166.67,0.0,
179,Navdeep Saini,0,2,0,0,0,2,0,0,0.0,3.0,3.0,0.0,12.0,39.0,25.0,0.0,27.0,77.0,41.0,0.0,2,2,6.0,76.0,145.0,100.0,12.4,11.69
180,Naveen-ul-Haq,0,0,16,2,0,0,22,4,0.0,0.0,11.0,14.0,0.0,0.0,175.0,232.0,0.0,0.0,242.0,391.0,18,26,25.0,407.0,633.0,69.23,67.5,9.38
181,Nithish Kumar Reddy,0,0,0,303,0,0,0,221,0.0,0.0,0.0,3.0,0.0,0.0,31.0,87.0,0.0,0.0,55.0,163.0,303,221,3.0,118.0,218.0,137.1,19.4,11.24
182,Noor Ahmad,0,0,8,5,0,0,9,9,0.0,0.0,16.0,8.0,0.0,0.0,299.0,214.0,0.0,0.0,397.0,310.0,13,18,24.0,513.0,707.0,72.22,85.3,8.29
183,OC McCoy,0,8,0,0,0,5,0,0,0.0,11.0,0.0,0.0,0.0,173.0,7.0,0.0,0.0,265.0,14.0,0.0,8,5,11.0,180.0,279.0,160.0,30.0,9.3
184,OF Smith,0,51,0,0,0,50,0,0,0.0,6.0,0.0,0.0,0.0,95.0,0.0,0.0,0.0,185.0,0.0,0.0,51,50,6.0,95.0,185.0,102.0,15.5,11.94
185,P Dubey,0,0,16,0,0,0,20,0,0.0,0.0,1.0,0.0,0.0,0.0,19.0,0.0,0.0,0.0,20.0,0.0,16,20,1.0,19.0,20.0,80.0,3.1,6.45
186,P Simran Singh,19,14,358,334,23,11,245,216,0.0,0.0,0.0,0.0,0.0,0.0,0.0,0.0,0.0,0.0,0.0,0.0,725,495,0.0,0.0,0.0,146.46,0.0,
187,PBB Rajapaksa,0,206,71,0,0,137,64,0,0.0,0.0,0.0,0.0,0.0,0.0,0.0,0.0,0.0,0.0,0.0,0.0,277,201,0.0,0.0,0.0,137.81,0.0,
188,PD Salt,0,0,218,435,0,0,135,250,0.0,0.0,0.0,0.0,0.0,0.0,0.0,0.0,0.0,0.0,0.0,0.0,653,385,0.0,0.0,0.0,169.61,0.0,
189,PJ Cummins,93,63,0,136,59,24,0,99,6.0,7.0,0.0,18.0,120.0,127.0,0.0,375.0,194.0,238.0,0.0,586.0,292,182,31.0,622.0,1018.0,160.44,103.4,9.85
190,PJ Sangwan,0,2,0,0,0,6,0,0,0.0,3.0,0.0,0.0,0.0,56.0,0.0,0.0,0.0,69.0,0.0,0.0,2,6,3.0,56.0,69.0,33.33,9.2,7.5
191,PK Garg,72,46,22,0,75,33,23,0,0.0,0.0,0.0,0.0,0.0,0.0,0.0,0.0,0.0,0.0,0.0,0.0,140,131,0.0,0.0,0.0,106.87,0.0,
192,PN Mankad,0,4,93,0,0,1,74,0,0.0,0.0,0.0,0.0,0.0,0.0,0.0,0.0,0.0,0.0,0.0,0.0,97,75,0.0,0.0,0.0,129.33,0.0,
193,PP Chawla,0,0,25,15,2,0,22,15,1.0,0.0,22.0,13.0,24.0,0.0,371.0,215.0,38.0,0.0,508.0,321.0,40,39,36.0,610.0,867.0,102.56,101.4,8.55
194,PP Shaw,405,283,106,198,265,193,90,125,0.0,0.0,0.0,0.0,0.0,0.0,0.0,0.0,0.0,0.0,0.0,0.0,992,673,0.0,0.0,0.0,147.4,0.0,
195,PVD Chameera,0,43,0,0,0,32,0,0,0.0,9.0,0.0,0.0,0.0,278.0,0.0,19.0,0.0,420.0,0.0,51.0,43,32,9.0,297.0,471.0,134.38,49.3,9.55
196,PWH de Silva,1,38,33,0,2,48,30,0,0.0,26.0,9.0,0.0,36.0,346.0,175.0,0.0,60.0,453.0,262.0,0.0,72,80,35.0,557.0,775.0,90.0,92.5,8.38
197,Q de Kock,295,508,143,250,255,350,103,194,0.0,0.0,0.0,0.0,0.0,0.0,0.0,0.0,0.0,0.0,0.0,0.0,1196,902,0.0,0.0,0.0,132.59,0.0,
198,R Ashwin,37,191,67,86,38,140,55,76,6.0,12.0,14.0,9.0,236.0,419.0,309.0,346.0,284.0,527.0,388.0,499.0,381,309,41.0,1310.0,1698.0,123.3,218.2,7.78
199,R Dhawan,0,37,20,0,0,41,12,0,0.0,6.0,1.0,0.0,0.0,119.0,42.0,19.0,0.0,177.0,68.0,44.0,57,53,7.0,180.0,289.0,107.55,30.0,9.63
200,R Parag,66,183,78,573,67,136,68,407,0.0,1.0,0.0,0.0,20.0,26.0,0.0,19.0,51.0,61.0,0.0,28.0,900,678,1.0,65.0,140.0,132.74,10.5,13.33
201,R Powell,0,250,7,103,0,174,9,71,0.0,0.0,1.0,0.0,0.0,7.0,14.0,0.0,0.0,18.0,20.0,0.0,360,254,1.0,21.0,38.0,141.73,3.3,11.52
202,R Ravindra,0,0,0,222,0,0,0,146,0.0,0.0,0.0,0.0,0.0,0.0,0.0,0.0,0.0,0.0,0.0,0.0,222,146,0.0,0.0,0.0,152.05,0.0,
203,R Sai Kishore,0,0,0,13,0,0,0,6,0.0,6.0,0.0,7.0,0.0,98.0,0.0,93.0,0.0,125.0,0.0,140.0,13,6,13.0,191.0,265.0,216.67,31.5,8.41
204,R Sanjay Yadav,0,0,0,0,0,2,0,0,0.0,0.0,0.0,0.0,0.0,0.0,0.0,0.0,0.0,0.0,0.0,0.0,0,2,0.0,0.0,0.0,0.0,0.0,
205,R Shepherd,0,58,0,57,0,43,1,24,0.0,3.0,0.0,1.0,0.0,57.0,0.0,76.0,0.0,103.0,0.0,170.0,115,68,4.0,133.0,273.0,169.12,22.1,12.35
206,R Tewatia,134,217,87,188,129,156,61,139,8.0,0.0,0.0,0.0,199.0,36.0,14.0,0.0,299.0,76.0,16.0,0.0,626,485,8.0,249.0,391.0,129.07,41.3,9.47
207,RA Bawa,0,11,0,0,0,14,0,0,0.0,0.0,0.0,0.0,0.0,0.0,0.0,0.0,0.0,0.0,0.0,0.0,11,14,0.0,0.0,0.0,78.57,0.0,
208,RA Jadeja,201,116,190,267,153,105,138,191,13.0,5.0,20.0,8.0,288.0,203.0,348.0,285.0,338.0,261.0,444.0,376.0,774,587,46.0,1124.0,1419.0,131.86,187.2,7.58
209,RA Tripathi,339,413,273,165,251,271,217,121,0.0,0.0,0.0,0.0,0.0,0.0,0.0,0.0,0.0,0.0,0.0,0.0,1190,860,0.0,0.0,0.0,138.37,0.0,
210,RD Chahar,6,77,0,21,8,70,10,15,9.0,14.0,8.0,10.0,213.0,290.0,301.0,189.0,255.0,386.0,394.0,284.0,104,103,41.0,993.0,1319.0,100.97,165.3,7.98
211,RD Gaikwad,630,368,590,583,465,298,411,425,0.0,0.0,0.0,0.0,0.0,0.0,0.0,0.0,0.0,0.0,0.0,0.0,2171,1599,0.0,0.0,0.0,135.77,0.0,
212,RG Sharma,319,268,332,417,260,234,258,293,0.0,0.0,0.0,0.0,0.0,0.0,0.0,0.0,0.0,0.0,0.0,0.0,1336,1045,0.0,0.0,0.0,127.85,0.0,
213,RJ Gleeson,0,0,0,2,0,0,0,2,0.0,0.0,0.0,1.0,0.0,0.0,0.0,51.0,0.0,0.0,0.0,77.0,2,2,1.0,51.0,77.0,100.0,8.3,9.28
214,RJW Topley,0,0,0,3,0,0,0,6,0.0,0.0,1.0,4.0,0.0,0.0,12.0,95.0,0.0,0.0,14.0,173.0,3,6,5.0,107.0,187.0,50.0,17.5,10.69
215,RK Bhui,0,0,0,3,0,0,0,9,0.0,0.0,0.0,0.0,0.0,0.0,0.0,0.0,0.0,0.0,0.0,0.0,3,9,0.0,0.0,0.0,33.33,0.0,
216,RK Singh,0,174,474,168,0,125,333,117,0.0,0.0,0.0,0.0,0.0,0.0,0.0,0.0,0.0,0.0,0.0,0.0,816,575,0.0,0.0,0.0,141.91,0.0,
217,RM Patidar,63,333,0,395,56,232,0,237,0.0,0.0,0.0,0.0,0.0,0.0,0.0,0.0,0.0,0.0,0.0,0.0,791,525,0.0,0.0,0.0,150.67,0.0,
218,RP Meredith,0,0,0,0,0,1,2,0,3.0,8.0,7.0,0.0,73.0,181.0,126.0,0.0,126.0,267.0,220.0,0.0,0,3,18.0,380.0,613.0,0.0,63.2,9.7
219,RR Pant,353,340,0,446,293,234,0,296,0.0,0.0,0.0,0.0,0.0,0.0,0.0,0.0,0.0,0.0,0.0,0.0,1139,823,0.0,0.0,0.0,138.4,0.0,
220,RR Rossouw,0,0,209,211,0,0,148,122,0.0,0.0,0.0,0.0,0.0,0.0,0.0,0.0,0.0,0.0,0.0,0.0,420,270,0.0,0.0,0.0,155.56,0.0,
221,RV Patel,25,6,49,0,29,3,44,0,0.0,0.0,0.0,0.0,0.0,0.0,0.0,0.0,0.0,0.0,0.0,0.0,80,76,0.0,0.0,0.0,105.26,0.0,
222,RV Uthappa,115,230,0,0,86,181,0,0,0.0,0.0,0.0,0.0,0.0,0.0,0.0,0.0,0.0,0.0,0.0,0.0,345,267,0.0,0.0,0.0,129.21,0.0,
223,Rahmanullah Gurbaz,0,0,227,62,0,0,178,50,0.0,0.0,0.0,0.0,0.0,0.0,0.0,0.0,0.0,0.0,0.0,0.0,289,228,0.0,0.0,0.0,126.75,0.0,
224,Ramandeep Singh,0,45,0,125,0,42,0,64,0.0,6.0,0.0,0.0,0.0,41.0,0.0,4.0,0.0,61.0,0.0,9.0,170,106,6.0,45.0,70.0,160.38,7.3,9.59
225,Rashid Khan,66,91,130,102,62,44,66,75,14.0,19.0,27.0,10.0,293.0,386.0,407.0,262.0,366.0,442.0,567.0,377.0,389,247,70.0,1348.0,1752.0,157.49,224.4,7.81
226,Rasikh Salam,0,7,0,28,0,6,0,30,0.0,0.0,0.0,9.0,0.0,24.0,0.0,156.0,0.0,28.0,0.0,282.0,35,36,9.0,180.0,310.0,97.22,30.0,10.33
227,Ravi Bishnoi,1,0,20,4,5,1,28,6,12.0,13.0,16.0,10.0,220.0,340.0,312.0,270.0,255.0,484.0,406.0,393.0,25,40,51.0,1142.0,1538.0,62.5,190.2,8.09
228,S Dhawan,493,460,373,152,412,395,275,125,0.0,0.0,0.0,0.0,0.0,0.0,0.0,0.0,0.0,0.0,0.0,0.0,1478,1207,0.0,0.0,0.0,122.45,0.0,
229,S Dube,205,289,418,396,183,194,277,259,0.0,0.0,0.0,1.0,25.0,14.0,0.0,6.0,38.0,46.0,0.0,14.0,1308,913,1.0,45.0,98.0,143.26,7.3,13.42
230,S Gopal,7,9,0,0,5,7,0,0,0.0,1.0,0.0,3.0,24.0,18.0,0.0,42.0,44.0,34.0,0.0,67.0,16,12,4.0,84.0,145.0,133.33,14.0,10.36
231,S Kaul,8,0,0,0,8,0,0,0,7.0,0.0,0.0,0.0,181.0,24.0,0.0,0.0,260.0,43.0,0.0,0.0,8,8,7.0,205.0,303.0,100.0,34.1,8.89
232,SA Abbott,0,7,0,0,0,5,0,0,0.0,1.0,0.0,0.0,0.0,27.0,0.0,0.0,0.0,50.0,0.0,0.0,7,5,1.0,27.0,50.0,140.0,4.3,11.63
233,SA Yadav,230,303,605,345,165,210,340,209,0.0,0.0,0.0,0.0,0.0,0.0,0.0,0.0,0.0,0.0,0.0,0.0,1483,924,0.0,0.0,0.0,160.5,0.0,
234,SB Dubey,0,0,0,33,0,0,0,21,0.0,0.0,0.0,0.0,0.0,0.0,0.0,0.0,0.0,0.0,0.0,0.0,33,21,0.0,0.0,0.0,157.14,0.0,
235,SD Hope,0,0,0,183,0,0,0,125,0.0,0.0,0.0,0.0,0.0,0.0,0.0,0.0,0.0,0.0,0.0,0.0,183,125,0.0,0.0,0.0,146.4,0.0,
236,SE Rutherford,0,33,0,0,0,52,0,0,0.0,0.0,0.0,0.0,0.0,0.0,0.0,0.0,0.0,0.0,0.0,0.0,33,52,0.0,0.0,0.0,63.46,0.0,
237,SH Johnson,0,0,0,6,0,0,0,7,0.0,0.0,0.0,4.0,0.0,0.0,0.0,99.0,0.0,0.0,0.0,162.0,6,7,4.0,99.0,162.0,85.71,16.3,9.94
238,SK Raina,98,0,0,0,87,0,0,0,0.0,0.0,0.0,0.0,0.0,0.0,0.0,0.0,0.0,0.0,0.0,0.0,98,87,0.0,0.0,0.0,112.64,0.0,
239,SM Curran,17,0,276,270,10,0,213,230,9.0,0.0,10.0,16.0,197.0,0.0,299.0,254.0,323.0,0.0,517.0,436.0,563,453,35.0,750.0,1276.0,124.28,125.0,10.21
240,SN Khan,0,91,53,0,4,69,62,0,0.0,0.0,0.0,0.0,0.0,0.0,0.0,0.0,0.0,0.0,0.0,0.0,144,135,0.0,0.0,0.0,106.67,0.0,
241,SN Thakur,5,120,113,21,6,90,72,18,19.0,15.0,7.0,5.0,364.0,315.0,132.0,197.0,509.0,527.0,230.0,328.0,259,186,46.0,1008.0,1594.0,139.25,168.0,9.49
242,SO Hetmyer,242,314,299,113,153,221,205,72,0.0,0.0,0.0,0.0,0.0,0.0,0.0,0.0,0.0,0.0,0.0,0.0,968,651,0.0,0.0,0.0,148.69,0.0,
243,SP Jackson,0,23,0,0,0,26,0,0,0.0,0.0,0.0,0.0,0.0,0.0,0.0,0.0,0.0,0.0,0.0,0.0,23,26,0.0,0.0,0.0,88.46,0.0,
244,SP Narine,62,71,21,488,51,40,28,292,16.0,9.0,11.0,17.0,344.0,342.0,296.0,334.0,385.0,333.0,404.0,389.0,642,411,53.0,1316.0,1511.0,156.2,219.2,6.89
245,SPD Smith,152,0,0,0,136,0,0,0,0.0,0.0,0.0,0.0,0.0,0.0,0.0,0.0,0.0,0.0,0.0,0.0,152,136,0.0,0.0,0.0,111.76,0.0,
246,SS Iyer,175,401,0,351,181,310,0,250,0.0,0.0,0.0,0.0,0.0,0.0,0.0,0.0,0.0,0.0,0.0,0.0,927,741,0.0,0.0,0.0,125.1,0.0,
247,SS Prabhudessai,0,67,35,24,0,62,32,19,0.0,0.0,0.0,0.0,0.0,0.0,0.0,0.0,0.0,0.0,0.0,0.0,126,113,0.0,0.0,0.0,111.5,0.0,
248,SS Tiwary,115,0,0,0,99,0,0,0,0.0,0.0,0.0,0.0,0.0,0.0,0.0,0.0,0.0,0.0,0.0,0.0,115,99,0.0,0.0,0.0,116.16,0.0,
249,SV Samson,361,458,362,531,303,321,240,367,0.0,0.0,0.0,0.0,0.0,0.0,0.0,0.0,0.0,0.0,0.0,0.0,1712,1231,0.0,0.0,0.0,139.07,0.0,
250,SW Billings,0,169,0,0,0,143,0,0,0.0,0.0,0.0,0.0,0.0,0.0,0.0,0.0,0.0,0.0,0.0,0.0,169,143,0.0,0.0,0.0,118.18,0.0,
251,SZ Mulani,0,0,0,1,0,0,0,1,0.0,0.0,0.0,0.0,0.0,0.0,0.0,0.0,0.0,0.0,0.0,0.0,1,1,0.0,0.0,0.0,100.0,0.0,
252,Sachin Baby,7,0,0,0,17,0,0,0,0.0,0.0,0.0,0.0,0.0,0.0,0.0,0.0,0.0,0.0,0.0,0.0,7,17,0.0,0.0,0.0,41.18,0.0,
253,Sameer Rizvi,0,0,0,51,0,0,0,43,0.0,0.0,0.0,0.0,0.0,0.0,0.0,0.0,0.0,0.0,0.0,0.0,51,43,0.0,0.0,0.0,118.6,0.0,
254,Sandeep Sharma,8,0,2,0,7,0,7,0,3.0,2.0,10.0,13.0,127.0,126.0,290.0,236.0,174.0,166.0,414.0,325.0,10,14,28.0,779.0,1079.0,71.43,129.5,8.33
255,Sanvir Singh,0,0,11,14,0,0,9,13,0.0,0.0,0.0,0.0,0.0,0.0,0.0,0.0,0.0,0.0,0.0,0.0,25,22,0.0,0.0,0.0,113.64,0.0,
256,Saurav Chauhan,0,0,0,18,0,0,0,16,0.0,0.0,0.0,0.0,0.0,0.0,0.0,0.0,0.0,0.0,0.0,0.0,18,16,0.0,0.0,0.0,112.5,0.0,
257,Shahbaz Ahmed,44,219,42,215,42,197,41,173,4.0,4.0,1.0,7.0,66.0,220.0,42.0,166.0,71.0,356.0,95.0,285.0,520,453,16.0,494.0,807.0,114.79,82.2,9.82
258,Shakib Al Hasan,35,0,0,0,35,0,0,0,2.0,0.0,0.0,0.0,109.0,0.0,0.0,0.0,134.0,0.0,0.0,0.0,35,35,2.0,109.0,134.0,100.0,18.1,7.4
259,Shashank Singh,0,69,0,354,0,47,0,225,0.0,0.0,0.0,1.0,0.0,13.0,0.0,6.0,0.0,21.0,0.0,5.0,423,272,1.0,19.0,26.0,155.51,3.1,8.39
260,Shivam Mavi,25,3,0,0,21,8,0,0,11.0,5.0,0.0,0.0,204.0,142.0,0.0,0.0,262.0,241.0,0.0,0.0,28,29,16.0,346.0,503.0,96.55,57.4,8.76
261,Shivam Singh,0,0,0,2,0,0,0,3,0.0,0.0,0.0,0.0,0.0,0.0,0.0,0.0,0.0,0.0,0.0,0.0,2,3,0.0,0.0,0.0,66.67,0.0,
262,Shubman Gill,430,483,890,426,378,374,582,295,0.0,0.0,0.0,0.0,0.0,0.0,0.0,0.0,0.0,0.0,0.0,0.0,2229,1629,0.0,0.0,0.0,136.83,0.0,
263,Sikandar Raza,0,0,139,43,0,0,104,39,0.0,0.0,3.0,0.0,0.0,0.0,76.0,12.0,0.0,0.0,137.0,22.0,182,143,3.0,88.0,159.0,127.27,14.4,11.04
264,Simarjeet Singh,0,7,0,0,0,8,0,0,0.0,4.0,0.0,5.0,0.0,113.0,0.0,80.0,0.0,157.0,0.0,131.0,7,8,9.0,193.0,288.0,87.5,32.1,8.97
265,Sumit Kumar,0,0,0,18,0,0,0,26,0.0,0.0,0.0,0.0,0.0,0.0,0.0,0.0,0.0,0.0,0.0,0.0,18,26,0.0,0.0,0.0,69.23,0.0,
266,Swapnil Singh,0,0,2,37,0,0,4,22,0.0,0.0,0.0,6.0,0.0,0.0,12.0,92.0,0.0,0.0,18.0,135.0,39,26,6.0,104.0,153.0,150.0,17.2,8.9
267,T Kohler-Cadmore,0,0,0,48,0,0,0,54,0.0,0.0,0.0,0.0,0.0,0.0,0.0,0.0,0.0,0.0,0.0,0.0,48,54,0.0,0.0,0.0,88.89,0.0,
268,T Shamsi,2,0,0,0,4,0,0,0,0.0,0.0,0.0,0.0,0.0,0.0,0.0,0.0,0.0,0.0,0.0,0.0,2,4,0.0,0.0,0.0,50.0,0.0,
269,T Stubbs,0,2,25,378,0,4,31,204,0.0,0.0,1.0,3.0,0.0,0.0,12.0,13.0,0.0,0.0,14.0,16.0,405,239,4.0,25.0,30.0,169.46,4.1,7.32
270,TA Boult,1,40,16,14,4,30,17,16,10.0,16.0,13.0,16.0,267.0,387.0,235.0,333.0,356.0,529.0,332.0,471.0,71,67,55.0,1222.0,1688.0,105.97,203.4,8.3
271,TG Southee,3,2,0,0,5,12,0,0,3.0,14.0,2.0,0.0,74.0,220.0,36.0,0.0,97.0,303.0,79.0,0.0,5,17,19.0,330.0,479.0,29.41,55.0,8.71
272,TH David,1,186,231,241,3,91,155,168,0.0,0.0,0.0,0.0,0.0,0.0,0.0,0.0,0.0,0.0,0.0,0.0,659,417,0.0,0.0,0.0,158.03,0.0,
273,TK Curran,0,0,0,0,1,0,0,0,3.0,0.0,0.0,0.0,24.0,0.0,0.0,0.0,31.0,0.0,0.0,0.0,0,1,3.0,24.0,31.0,0.0,4.0,7.75
274,TL Seifert,2,24,0,0,5,21,0,0,0.0,0.0,0.0,0.0,0.0,0.0,0.0,0.0,0.0,0.0,0.0,0.0,26,26,0.0,0.0,0.0,100.0,0.0,
275,TM Head,0,0,0,567,0,0,0,307,0.0,0.0,0.0,0.0,0.0,0.0,0.0,0.0,0.0,0.0,0.0,0.0,567,307,0.0,0.0,0.0,184.69,0.0,
276,TS Mills,0,0,0,0,0,3,0,0,0.0,6.0,0.0,0.0,0.0,107.0,0.0,0.0,0.0,200.0,0.0,0.0,0,3,6.0,107.0,200.0,0.0,17.5,11.43
277,TU Deshpande,0,0,0,0,0,0,1,2,0.0,1.0,21.0,17.0,0.0,43.0,368.0,310.0,0.0,72.0,623.0,469.0,0,3,39.0,721.0,1164.0,0.0,120.1,9.69
278,Tanush Kotian,0,0,0,24,0,0,0,32,0.0,0.0,0.0,0.0,0.0,0.0,0.0,0.0,0.0,0.0,0.0,0.0,24,32,0.0,0.0,0.0,75.0,0.0,
279,Tilak Varma,0,397,343,416,0,313,226,291,0.0,0.0,0.0,0.0,0.0,0.0,0.0,0.0,0.0,0.0,0.0,0.0,1156,830,0.0,0.0,0.0,139.28,0.0,
280,UT Yadav,0,55,19,12,0,41,20,15,0.0,16.0,1.0,8.0,0.0,297.0,116.0,129.0,0.0,378.0,193.0,215.0,86,76,25.0,542.0,786.0,113.16,90.2,8.71
281,Umran Malik,0,4,19,0,0,8,8,0,2.0,22.0,5.0,0.0,75.0,313.0,124.0,7.0,99.0,492.0,231.0,16.0,23,16,29.0,519.0,838.0,143.75,86.3,9.71
282,V Kohli,339,341,639,741,288,306,473,497,0.0,0.0,0.0,0.0,0.0,0.0,0.0,0.0,0.0,0.0,0.0,0.0,2060,1564,0.0,0.0,0.0,131.71,0.0,
283,V Shankar,44,19,301,83,40,36,199,75,3.0,0.0,0.0,0.0,66.0,10.0,0.0,0.0,93.0,16.0,0.0,0.0,447,350,3.0,76.0,109.0,127.71,12.4,8.79
284,V Viyaskanth,0,0,0,7,0,0,0,5,0.0,0.0,0.0,1.0,0.0,0.0,0.0,60.0,0.0,0.0,0.0,94.0,7,5,1.0,60.0,94.0,140.0,10.0,9.4
285,VG Arora,0,5,3,1,0,14,2,1,0.0,3.0,5.0,11.0,0.0,110.0,107.0,201.0,0.0,169.0,164.0,313.0,9,17,19.0,418.0,646.0,52.94,69.4,9.31
286,VR Iyer,370,182,404,370,299,175,288,238,3.0,0.0,0.0,0.0,54.0,24.0,0.0,6.0,76.0,46.0,0.0,28.0,1326,1000,3.0,84.0,150.0,132.6,14.0,10.71
287,Vijaykumar Vyshak,0,0,13,1,0,0,10,3,0.0,0.0,9.0,4.0,0.0,0.0,153.0,90.0,0.0,0.0,262.0,147.0,14,13,13.0,243.0,409.0,107.69,40.3,10.15
288,Virat Singh,15,0,0,0,26,0,0,0,0.0,0.0,0.0,0.0,0.0,0.0,0.0,0.0,0.0,0.0,0.0,0.0,15,26,0.0,0.0,0.0,57.69,0.0,
289,Vishnu Vinod,0,0,37,0,0,0,32,0,0.0,0.0,0.0,0.0,0.0,0.0,0.0,0.0,0.0,0.0,0.0,0.0,37,32,0.0,0.0,0.0,115.62,0.0,
290,Vivrant Sharma,0,0,69,0,0,0,49,0,0.0,0.0,0.0,0.0,0.0,0.0,0.0,0.0,0.0,0.0,0.0,0.0,69,49,0.0,0.0,0.0,140.82,0.0,
291,WD Parnell,0,0,2,0,0,0,6,0,0.0,0.0,9.0,0.0,0.0,0.0,157.0,0.0,0.0,0.0,244.0,0.0,2,6,9.0,157.0,244.0,33.33,26.1,9.35
292,WG Jacks,0,0,0,230,0,0,0,133,0.0,0.0,0.0,2.0,0.0,0.0,0.0,55.0,0.0,0.0,0.0,102.0,230,133,2.0,55.0,102.0,172.93,9.1,11.21
293,WP Saha,123,317,371,136,129,266,297,120,0.0,0.0,0.0,0.0,0.0,0.0,0.0,0.0,0.0,0.0,0.0,0.0,947,812,0.0,0.0,0.0,116.63,0.0,
294,Washington Sundar,13,101,60,0,20,76,62,1,2.0,6.0,3.0,1.0,79.0,170.0,106.0,30.0,101.0,242.0,146.0,73.0,174,159,12.0,385.0,562.0,109.43,64.1,8.77
295,YBK Jaiswal,249,258,625,435,168,198,397,288,0.0,0.0,0.0,0.0,0.0,0.0,0.0,0.0,0.0,0.0,0.0,0.0,1567,1051,0.0,0.0,0.0,149.1,0.0,
296,YS Chahal,10,5,0,0,27,8,0,0,18.0,27.0,21.0,18.0,274.0,429.0,326.0,362.0,322.0,566.0,445.0,565.0,15,35,84.0,1391.0,1898.0,42.86,231.5,8.2
297,YV Dhull,0,0,16,0,0,0,23,0,0.0,0.0,0.0,0.0,0.0,0.0,0.0,0.0,0.0,0.0,0.0,0.0,16,23,0.0,0.0,0.0,69.57,0.0,
298,Yash Dayal,0,0,0,0,0,1,0,0,0.0,11.0,2.0,15.0,0.0,205.0,88.0,322.0,0.0,309.0,169.0,510.0,0,1,28.0,615.0,988.0,0.0,102.3,9.66
299,Yudhvir Singh,0,0,1,21,0,0,2,14,0.0,0.0,3.0,1.0,0.0,0.0,50.0,24.0,0.0,0.0,82.0,52.0,22,16,4.0,74.0,134.0,137.5,12.2,10.98
