,player,seasons,num_seasons
0,A Ashish Reddy,"2012, 2013, 2015, 2016",4
1,A Badoni,"2022, 2023, 2024",3
2,A Chandila,"2012, 2013",2
3,A Chopra,"2007/08, 2009",2
4,A Choudhary,2017,1
5,A Dananjaya,2018,1
6,A Flintoff,2009,1
7,A Kamboj,2024,1
8,A Kumble,"2007/08, 2009, 2009/10",3
9,A Manohar,"2022, 2023, 2024",3
10,A Mishra,"2007/08, 2009, 2009/10, 2011, 2012, 2013, 2014, 2015, 2016, 2017, 2018, 2019, 2020/21, 2021, 2023, 2024",16
11,A Mithun,"2009, 2009/10, 2011, 2012, 2013",5
12,A Mukund,"2007/08, 2013",2
13,A Nehra,"2007/08, 2009, 2009/10, 2012, 2013, 2014, 2015, 2016, 2017",9
14,A Nel,2007/08,1
15,A Nortje,"2020/21, 2021, 2022, 2023, 2024",5
16,A Raghuvanshi,2024,1
17,A Singh,"2009, 2011, 2012",3
18,A Symonds,"2007/08, 2009, 2009/10, 2011",4
19,A Tomar,2022,1
20,A Uniyal,2009/10,1
21,A Zampa,"2016, 2017, 2020/21, 2023",4
22,AA Bilakhia,"2009, 2009/10",2
23,AA Chavan,"2011, 2012, 2013",3
24,AA Jhunjhunwala,"2009/10, 2011, 2012",3
25,AA Kazi,2011,1
26,AA Kulkarni,2024,1
27,AA Noffke,2007/08,1
28,AB Agarkar,"2007/08, 2009, 2009/10, 2011, 2012, 2013",6
29,AB Barath,2009/10,1
30,AB Dinda,"2007/08, 2009, 2009/10, 2011, 2012, 2013, 2014, 2015, 2016, 2017",10
31,AB McDonald,"2009, 2009/10, 2011, 2012, 2013",5
32,AB de Villiers,"2007/08, 2009, 2009/10, 2011, 2012, 2013, 2014, 2015, 2016, 2017, 2018, 2019, 2020/21, 2021",14
33,AC Blizzard,"2011, 2012",2
34,AC Gilchrist,"2007/08, 2009, 2009/10, 2011, 2012, 2013",6
35,AC Thomas,"2011, 2012",2
36,AC Voges,2009/10,1
37,AD Hales,2018,1
38,AD Mascarenhas,"2007/08, 2009, 2009/10, 2012, 2013",5
39,AD Mathews,"2009, 2009/10, 2012, 2013, 2015, 2017",6
40,AD Nath,"2016, 2017, 2018, 2019",4
41,AD Russell,"2012, 2013, 2014, 2015, 2016, 2018, 2019, 2020/21, 2021, 2022, 2023, 2024",12
42,AF Milne,"2016, 2017, 2021, 2022",4
43,AG Murtaza,"2009/10, 2011, 2012, 2013",4
44,AG Paunikar,"2009/10, 2011",2
45,AJ Finch,"2009/10, 2011, 2012, 2013, 2014, 2015, 2016, 2017, 2018, 2020/21, 2022",11
46,AJ Hosein,2023,1
47,AJ Turner,"2019, 2024",2
48,AJ Tye,"2017, 2018, 2019, 2020/21, 2022",5
49,AK Markram,"2021, 2022, 2023, 2024",4
50,AL Menaria,"2011, 2012, 2013",3
51,AM Nayar,"2007/08, 2009, 2009/10, 2011, 2012, 2013, 2014",7
52,AM Rahane,"2007/08, 2009, 2011, 2012, 2013, 2014, 2015, 2016, 2017, 2018, 2019, 2020/21, 2021, 2022, 2023, 2024",16
53,AM Salvi,"2009, 2011",2
54,AN Ahmed,"2009/10, 2011, 2012, 2013, 2014, 2015",6
55,AN Ghosh,2009,1
56,AP Dole,2009/10,1
57,AP Majumdar,2012,1
58,AP Tare,"2009/10, 2013, 2014, 2015, 2016, 2017",6
59,AR Bawne,2017,1
60,AR Patel,"2014, 2015, 2016, 2017, 2018, 2019, 2020/21, 2021, 2022, 2023, 2024",11
61,AS Joseph,"2019, 2022, 2023, 2024",4
62,AS Rajpoot,"2013, 2016, 2017, 2018, 2019, 2020/21",6
63,AS Raut,"2009, 2009/10, 2011",3
64,AS Roy,"2019, 2022, 2023, 2024",4
65,AS Yadav,2007/08,1
66,AT Carey,2020/21,1
67,AT Rayudu,"2009/10, 2011, 2012, 2013, 2014, 2015, 2016, 2017, 2018, 2019, 2020/21, 2021, 2022, 2023",14
68,AU Rashid,"2021, 2023",2
69,AUK Pathan,"2011, 2012",2
70,Abdul Basith,2023,1
71,Abdul Samad,"2020/21, 2021, 2022, 2023, 2024",5
72,Abdur Razzak,2007/08,1
73,Abhishek Sharma,"2018, 2019, 2020/21, 2021, 2022, 2023, 2024",7
74,Abishek Porel,"2023, 2024",2
75,Akash Deep,"2022, 2023, 2024",3
76,Akash Madhwal,"2023, 2024",2
77,Akash Singh,"2021, 2023",2
78,Aman Hakim Khan,"2022, 2023",2
79,Anand Rajan,"2011, 2012, 2013",3
80,Anirudh Singh,2009/10,1
81,Ankit Sharma,"2012, 2013, 2014, 2015, 2016, 2017, 2018",7
82,Ankit Soni,2017,1
83,Anmolpreet Singh,"2021, 2022, 2023, 2024",4
84,Anuj Rawat,"2021, 2022, 2023, 2024",4
85,Anureet Singh,"2009, 2015, 2016, 2017, 2018",5
86,Arjun Tendulkar,"2023, 2024",2
87,Arshad Khan,"2023, 2024",2
88,Arshad Khan (2),2024,1
89,Arshdeep Singh,"2019, 2020/21, 2021, 2022, 2023, 2024",6
90,Ashutosh Sharma,2024,1
91,Atharva Taide,"2023, 2024",2
92,Avesh Khan,"2017, 2018, 2019, 2020/21, 2021, 2022, 2023, 2024",8
93,Azhar Mahmood,"2012, 2013, 2015",3
94,Azmatullah Omarzai,2024,1
95,B Akhil,"2007/08, 2009, 2009/10, 2011",4
96,B Chipli,"2007/08, 2011, 2012, 2013",4
97,B Geeves,2007/08,1
98,B Indrajith,2022,1
99,B Kumar,"2011, 2012, 2013, 2014, 2015, 2016, 2017, 2018, 2019, 2020/21, 2021, 2022, 2023, 2024",14
100,B Laughlin,"2013, 2018",2
101,B Lee,"2007/08, 2009, 2009/10, 2011, 2012, 2013",6
102,B Sai Sudharsan,"2022, 2023, 2024",3
103,B Stanlake,"2017, 2018",2
104,B Sumanth,2009/10,1
105,BA Bhatt,"2011, 2012, 2013",3
106,BA Stokes,"2017, 2018, 2019, 2020/21, 2021, 2023",6
107,BAW Mendis,"2007/08, 2009, 2009/10, 2013",4
108,BB McCullum,"2007/08, 2009, 2009/10, 2011, 2012, 2013, 2014, 2015, 2016, 2017, 2018",11
109,BB Samantray,"2012, 2013",2
110,BB Sran,"2015, 2016, 2017, 2018, 2019",5
111,BCJ Cutting,"2014, 2016, 2017, 2018, 2019",5
112,BE Hendricks,"2014, 2015",2
113,BJ Haddin,2011,1
114,BJ Hodge,"2007/08, 2009, 2009/10, 2011, 2012, 2013, 2014",7
115,BJ Rohrer,2013,1
116,BMAJ Mendis,2013,1
117,BR Dunk,2014,1
118,BR Sharath,2024,1
119,BW Hilfenhaus,"2012, 2014",2
120,Basil Thampi,"2017, 2018, 2019, 2020/21, 2022",5
121,Bipul Sharma,"2009/10, 2011, 2012, 2013, 2015, 2016, 2017",7
122,C Ganapathy,2009/10,1
123,C Green,"2023, 2024",2
124,C Madan,2009/10,1
125,C Munro,"2016, 2018, 2019",3
126,C Nanda,2009,1
127,C Sakariya,"2021, 2022, 2023",3
128,C de Grandhomme,"2017, 2018, 2019",3
129,CA Ingram,"2011, 2019",2
130,CA Lynn,"2012, 2014, 2016, 2017, 2018, 2019, 2021",7
131,CA Pujara,"2009/10, 2011, 2012, 2013, 2014",5
132,CH Gayle,"2009, 2009/10, 2011, 2012, 2013, 2014, 2015, 2016, 2017, 2018, 2019, 2020/21, 2021",13
133,CH Morris,"2013, 2015, 2016, 2017, 2018, 2019, 2020/21, 2021",8
134,CJ Anderson,"2014, 2015, 2017, 2018",4
135,CJ Dala,2018,1
136,CJ Ferguson,"2011, 2012",2
137,CJ Green,2020/21,1
138,CJ Jordan,"2016, 2017, 2018, 2020/21, 2021, 2022, 2023",7
139,CJ McKay,2012,1
140,CK Kapugedera,2007/08,1
141,CK Langeveldt,"2009, 2009/10, 2011",3
142,CL White,"2007/08, 2009/10, 2011, 2012, 2013",5
143,CM Gautam,"2013, 2014, 2015",3
144,CR Brathwaite,"2016, 2017, 2018, 2019",4
145,CR Woakes,"2017, 2018, 2021",3
146,CRD Fernando,"2007/08, 2009/10",2
147,CV Varun,"2019, 2020/21, 2021, 2022, 2023, 2024",6
148,D Brevis,"2022, 2024",2
149,D Ferreira,2024,1
150,D Jansen,2023,1
151,D Kalyankrishna,2007/08,1
152,D Padikkal,"2020/21, 2021, 2022, 2023, 2024",5
153,D Pretorius,"2022, 2023",2
154,D Salunkhe,2007/08,1
155,D Wiese,"2015, 2016, 2023",3
156,D du Preez,2009,1
157,DA Miller,"2012, 2013, 2014, 2015, 2016, 2017, 2018, 2019, 2020/21, 2021, 2022, 2023, 2024",13
158,DA Warner,"2009, 2009/10, 2011, 2012, 2013, 2014, 2015, 2016, 2017, 2019, 2020/21, 2021, 2022, 2023, 2024",15
159,DAJ Bracewell,2012,1
160,DB Das,"2007/08, 2012, 2013",3
161,DB Ravi Teja,"2007/08, 2009, 2011, 2012, 2013",5
162,DE Bollinger,"2009/10, 2011, 2012",3
163,DG Nalkande,"2022, 2023, 2024",3
164,DH Yagnik,"2011, 2012, 2013, 2014",4
165,DJ Bravo,"2007/08, 2009, 2009/10, 2011, 2012, 2013, 2014, 2015, 2016, 2018, 2019, 2020/21, 2021, 2022",14
166,DJ Harris,2012,1
167,DJ Hooda,"2015, 2016, 2017, 2018, 2019, 2020/21, 2021, 2022, 2023, 2024",10
168,DJ Hussey,"2007/08, 2009, 2009/10, 2011, 2012, 2013, 2014",7
169,DJ Jacobs,"2011, 2012",2
170,DJ Malan,2021,1
171,DJ Mitchell,"2022, 2024",2
172,DJ Muthuswami,2015,1
173,DJ Thornely,2007/08,1
174,DJ Willey,"2018, 2022, 2023",3
175,DJG Sammy,"2013, 2014, 2015",3
176,DJM Short,2018,1
177,DL Chahar,"2016, 2017, 2018, 2019, 2020/21, 2021, 2023, 2024",8
178,DL Vettori,"2007/08, 2009, 2009/10, 2011, 2012",5
179,DM Bravo,2017,1
180,DNT Zoysa,2007/08,1
181,DP Conway,"2022, 2023",2
182,DP Nannes,"2009, 2009/10, 2011, 2013",4
183,DP Vijaykumar,2007/08,1
184,DPMD Jayawardene,"2007/08, 2009, 2009/10, 2011, 2012, 2013",6
185,DR Martyn,2009/10,1
186,DR Sams,"2020/21, 2021, 2022",3
187,DR Shorey,"2018, 2019",2
188,DR Smith,"2007/08, 2009, 2009/10, 2012, 2013, 2014, 2015, 2016, 2017",9
189,DS Kulkarni,"2007/08, 2009, 2009/10, 2011, 2012, 2013, 2014, 2015, 2016, 2017, 2018, 2019, 2020/21, 2021",14
190,DS Lehmann,2007/08,1
191,DT Christian,"2011, 2012, 2013, 2017, 2018, 2021",6
192,DT Patil,2007/08,1
193,DW Steyn,"2007/08, 2009, 2009/10, 2011, 2012, 2013, 2014, 2015, 2016, 2019, 2020/21",11
194,Dhruv Jurel,"2023, 2024",2
195,E Lewis,"2018, 2019, 2021, 2022",4
196,EJG Morgan,"2009/10, 2011, 2013, 2015, 2016, 2017, 2020/21, 2021",8
197,ER Dwivedi,2016,1
198,F Behardien,2016,1
199,F du Plessis,"2012, 2014, 2015, 2016, 2017, 2018, 2019, 2020/21, 2021, 2022, 2023, 2024",12
200,FA Allen,"2021, 2022",2
201,FH Edwards,2009,1
202,FY Fazal,"2009/10, 2011",2
203,Fazalhaq Farooqi,"2022, 2023",2
204,G Coetzee,2024,1
205,G Gambhir,"2007/08, 2009, 2009/10, 2011, 2012, 2013, 2014, 2015, 2016, 2017, 2018",11
206,GB Hogg,"2012, 2013, 2015, 2016",4
207,GC Smith,"2007/08, 2009, 2009/10, 2011",4
208,GC Viljoen,2019,1
209,GD McGrath,2007/08,1
210,GD Phillips,"2021, 2023",2
211,GH Vihari,"2013, 2015, 2019",3
212,GHS Garton,2021,1
213,GJ Bailey,"2009, 2009/10, 2014, 2015, 2016",5
214,GJ Maxwell,"2012, 2013, 2014, 2015, 2016, 2017, 2018, 2020/21, 2021, 2022, 2023, 2024",12
215,GR Napier,2009,1
216,GS Sandhu,2015,1
217,Gagandeep Singh,2007/08,1
218,Gulbadin Naib,2024,1
219,Gurkeerat Singh,"2012, 2013, 2015, 2016, 2019, 2020/21",6
220,Gurnoor Brar,2023,1
221,H Das,2007/08,1
222,H Klaasen,"2018, 2019, 2023, 2024",4
223,H Sharma,"2023, 2024",2
224,HC Brook,2023,1
225,HE van der Dussen,2022,1
226,HF Gurney,2019,1
227,HH Gibbs,"2007/08, 2009, 2009/10, 2012",4
228,HH Pandya,"2015, 2016, 2017, 2018, 2019, 2020/21, 2021, 2022, 2023, 2024",10
229,HM Amla,"2016, 2017",2
230,HR Shokeen,"2022, 2023",2
231,HV Patel,"2012, 2014, 2015, 2016, 2017, 2018, 2019, 2020/21, 2021, 2022, 2023, 2024",12
232,Harbhajan Singh,"2007/08, 2009, 2009/10, 2011, 2012, 2013, 2014, 2015, 2016, 2017, 2018, 2019, 2021",13
233,Harmeet Singh,"2009, 2009/10, 2011, 2012, 2013",5
234,Harmeet Singh (2),2013,1
235,Harpreet Brar,"2019, 2020/21, 2021, 2022, 2023, 2024",6
236,Harpreet Singh,"2011, 2012, 2023, 2024",4
237,Harshit Rana,"2022, 2023, 2024",3
238,I Malhotra,2011,1
239,I Sharma,"2007/08, 2009, 2009/10, 2011, 2013, 2014, 2015, 2016, 2017, 2019, 2020/21, 2021, 2023, 2024",14
240,I Udana,2020/21,1
241,IC Pandey,"2013, 2014, 2015",3
242,IC Porel,2021,1
243,IK Pathan,"2007/08, 2009, 2009/10, 2011, 2012, 2013, 2014, 2016, 2017",9
244,IR Jaggi,"2011, 2012, 2017",3
245,IS Sodhi,"2018, 2019",2
246,Imran Tahir,"2014, 2015, 2016, 2017, 2018, 2019, 2020/21, 2021",8
247,Iqbal Abdulla,"2007/08, 2009/10, 2011, 2012, 2013, 2014, 2015, 2016, 2017",9
248,Ishan Kishan,"2016, 2017, 2018, 2019, 2020/21, 2021, 2022, 2023, 2024",9
249,J Arunkumar,2007/08,1
250,J Botha,"2009, 2011, 2012, 2013, 2015",5
251,J Fraser-McGurk,2024,1
252,J Little,"2023, 2024",2
253,J Suchith,"2015, 2016, 2019, 2021, 2022",5
254,J Syed Mohammad,"2011, 2012, 2013",3
255,J Theron,"2009/10, 2012, 2015",3
256,J Yadav,"2015, 2016, 2017, 2019, 2020/21, 2021, 2023",7
257,JA Morkel,"2007/08, 2009, 2009/10, 2011, 2012, 2013, 2014, 2015, 2016",9
258,JA Richardson,"2021, 2024",2
259,JC Archer,"2018, 2019, 2020/21, 2023",4
260,JC Buttler,"2016, 2017, 2018, 2019, 2020/21, 2021, 2022, 2023, 2024",9
261,JD Ryder,"2009, 2011, 2012",3
262,JD Unadkat,"2009/10, 2011, 2012, 2013, 2014, 2015, 2016, 2017, 2018, 2019, 2020/21, 2021, 2022, 2023, 2024",15
263,JDP Oram,"2007/08, 2009, 2011, 2013",4
264,JDS Neesham,"2014, 2020/21, 2021, 2022",4
265,JE Root,2023,1
266,JE Taylor,2011,1
267,JEC Franklin,"2011, 2012",2
268,JH Kallis,"2007/08, 2009, 2009/10, 2011, 2012, 2013, 2014",7
269,JJ Bumrah,"2013, 2014, 2015, 2016, 2017, 2018, 2019, 2020/21, 2021, 2022, 2024",11
270,JJ Roy,"2017, 2018, 2021, 2023",4
271,JJ van der Wath,2011,1
272,JL Denly,2019,1
273,JL Pattinson,2020/21,1
274,JM Bairstow,"2019, 2020/21, 2021, 2022, 2024",5
275,JM Kemp,2009/10,1
276,JM Sharma,"2022, 2023, 2024",3
277,JO Holder,"2013, 2014, 2016, 2020/21, 2021, 2022, 2023",7
278,JP Behrendorff,"2019, 2023",2
279,JP Duminy,"2009, 2009/10, 2011, 2012, 2014, 2015, 2016, 2018",8
280,JP Faulkner,"2011, 2012, 2013, 2014, 2015, 2016, 2017",7
281,JPR Scantlebury-Searles,2018,1
282,JR Hazlewood,"2020/21, 2021, 2022, 2023",4
283,JR Hopes,"2007/08, 2011",2
284,JR Philippe,2020/21,1
285,JW Hastings,"2014, 2016",2
286,Jalaj S Saxena,2021,1
287,Jaskaran Singh,"2009, 2009/10",2
288,Joginder Sharma,"2007/08, 2009, 2009/10, 2011",4
289,K Goel,"2007/08, 2009, 2009/10",3
290,K Gowtham,"2018, 2019, 2020/21, 2022, 2023, 2024",6
291,K Kartikeya,"2022, 2023",2
292,K Khejroliya,"2018, 2019, 2023",3
293,K Rabada,"2017, 2019, 2020/21, 2021, 2022, 2023, 2024",7
294,K Santokie,2014,1
295,K Upadhyay,"2012, 2013",2
296,K Yadav,"2021, 2023",2
297,KA Jamieson,2021,1
298,KA Maharaj,2024,1
299,KA Pollard,"2009/10, 2011, 2012, 2013, 2014, 2015, 2016, 2017, 2018, 2019, 2020/21, 2021, 2022",13
300,KAJ Roach,2009/10,1
301,KB Arun Karthik,"2009/10, 2011, 2013",3
302,KC Cariappa,"2015, 2016, 2017, 2019",4
303,KC Sangakkara,"2007/08, 2009, 2009/10, 2011, 2012, 2013",6
304,KD Karthik,"2007/08, 2009, 2009/10, 2011, 2012, 2013, 2014, 2015, 2016, 2017, 2018, 2019, 2020/21, 2021, 2022, 2023, 2024",17
305,KH Pandya,"2016, 2017, 2018, 2019, 2020/21, 2021, 2022, 2023, 2024",9
306,KJ Abbott,2016,1
307,KK Ahmed,"2018, 2019, 2020/21, 2021, 2022, 2023, 2024",7
308,KK Cooper,"2012, 2013, 2014",3
309,KK Nair,"2013, 2014, 2015, 2016, 2017, 2018, 2019, 2020/21, 2022",9
310,KL Nagarkoti,"2020/21, 2021, 2022",3
311,KL Rahul,"2013, 2014, 2015, 2016, 2018, 2019, 2020/21, 2021, 2022, 2023, 2024",11
312,KM Asif,"2018, 2021, 2023",3
313,KM Jadhav,"2009/10, 2011, 2013, 2014, 2015, 2016, 2017, 2018, 2019, 2020/21, 2021, 2023",12
314,KMA Paul,2019,1
315,KMDN Kulasekara,"2011, 2012",2
316,KP Appanna,"2009, 2009/10, 2012",3
317,KP Pietersen,"2009, 2009/10, 2012, 2014, 2016",5
318,KR Mayers,2023,1
319,KR Sen,"2022, 2023, 2024",3
320,KS Bharat,"2021, 2022",2
321,KS Sharma,"2022, 2023",2
322,KS Williamson,"2015, 2016, 2017, 2018, 2019, 2020/21, 2021, 2022, 2024",9
323,KT Maphaka,2024,1
324,KV Sharma,"2009, 2013, 2014, 2015, 2016, 2017, 2018, 2019, 2020/21, 2023, 2024",11
325,KW Richardson,"2013, 2014, 2016, 2021",4
326,Kamran Akmal,2007/08,1
327,Kamran Khan,"2009, 2009/10, 2011",3
328,Karanveer Singh,"2014, 2015",2
329,Kartik Tyagi,"2020/21, 2021, 2022, 2023, 2024",5
330,Kuldeep Yadav,"2016, 2017, 2018, 2019, 2020/21, 2022, 2023, 2024",8
331,Kumar Kushagra,2024,1
332,L Ablish,"2009/10, 2011",2
333,L Balaji,"2007/08, 2009, 2009/10, 2011, 2012, 2013, 2014",7
334,L Ngidi,"2018, 2020/21, 2021",3
335,L Ronchi,"2007/08, 2009",2
336,L Wood,2024,1
337,LA Carseldine,2009,1
338,LA Pomersbach,"2007/08, 2009, 2011, 2013",4
339,LB Williams,2024,1
340,LE Plunkett,2018,1
341,LH Ferguson,"2017, 2019, 2020/21, 2021, 2022, 2023, 2024",7
342,LI Meriwala,2021,1
343,LJ Wright,"2012, 2013",2
344,LMP Simmons,"2014, 2015, 2016, 2017",4
345,LPC Silva,2007/08,1
346,LR Shukla,"2007/08, 2009, 2009/10, 2011, 2012, 2013, 2014",7
347,LRPL Taylor,"2007/08, 2009, 2009/10, 2011, 2012, 2013, 2014",7
348,LS Livingstone,"2019, 2021, 2022, 2023, 2024",5
349,Lalit Yadav,"2021, 2022, 2023, 2024",4
350,Liton Das,2023,1
351,M Ashwin,"2016, 2018, 2019, 2020/21, 2021, 2022, 2023",7
352,M Jansen,"2021, 2022, 2023, 2024",4
353,M Kaif,"2007/08, 2009/10, 2011, 2012",4
354,M Kartik,"2007/08, 2009, 2009/10, 2011, 2012, 2013, 2014",7
355,M Klinger,2011,1
356,M Manhas,"2009, 2009/10, 2011, 2012, 2013, 2014",6
357,M Markande,"2018, 2019, 2021, 2022, 2023, 2024",6
358,M Morkel,"2009, 2009/10, 2011, 2012, 2013, 2014, 2015, 2016",8
359,M Muralitharan,"2007/08, 2009, 2009/10, 2011, 2012, 2013, 2014",7
360,M Ntini,2007/08,1
361,M Pathirana,"2022, 2023, 2024",3
362,M Prasidh Krishna,"2018, 2019, 2020/21, 2021, 2022",5
363,M Rawat,"2007/08, 2009, 2013",3
364,M Shahrukh Khan,"2021, 2022, 2023, 2024",4
365,M Siddharth,2024,1
366,M Theekshana,"2022, 2023, 2024",3
367,M Vijay,"2009, 2009/10, 2011, 2012, 2013, 2014, 2015, 2016, 2018, 2019, 2020/21",11
368,M Vohra,"2013, 2014, 2015, 2016, 2017, 2018, 2021, 2022, 2023",9
369,M de Lange,"2012, 2014, 2015",3
370,MA Agarwal,"2011, 2012, 2013, 2014, 2015, 2016, 2017, 2018, 2019, 2020/21, 2021, 2022, 2023, 2024",14
371,MA Khote,2007/08,1
372,MA Starc,"2014, 2015, 2024",3
373,MA Wood,"2018, 2023",2
374,MB Parmar,2009/10,1
375,MC Henriques,"2009, 2009/10, 2013, 2014, 2015, 2016, 2017, 2021",8
376,MC Juneja,2013,1
377,MD Mishra,"2009/10, 2011, 2012",3
378,MD Shanaka,2023,1
379,MDKJ Perera,2013,1
380,MEK Hussey,"2007/08, 2009/10, 2011, 2012, 2013, 2014, 2015",7
381,MF Maharoof,"2007/08, 2009, 2009/10",3
382,MG Bracewell,2023,1
383,MG Johnson,"2013, 2014, 2015, 2016, 2017, 2018",6
384,MG Neser,2013,1
385,MJ Clarke,2012,1
386,MJ Guptill,"2016, 2017, 2019",3
387,MJ Henry,"2017, 2024",2
388,MJ Lumb,"2009/10, 2011",2
389,MJ McClenaghan,"2015, 2016, 2017, 2018, 2019",5
390,MJ Santner,"2019, 2020/21, 2022, 2023, 2024",5
391,MJ Suthar,2024,1
392,MK Lomror,"2018, 2019, 2020/21, 2021, 2022, 2023, 2024",7
393,MK Pandey,"2007/08, 2009, 2009/10, 2011, 2012, 2013, 2014, 2015, 2016, 2017, 2018, 2019, 2020/21, 2021, 2022, 2023, 2024",17
394,MK Tiwary,"2007/08, 2009, 2009/10, 2011, 2012, 2013, 2014, 2015, 2017, 2018",10
395,ML Hayden,"2007/08, 2009, 2009/10",3
396,MM Ali,"2018, 2019, 2020/21, 2021, 2022, 2023, 2024",7
397,MM Patel,"2007/08, 2009, 2009/10, 2011, 2012, 2013, 2017",7
398,MM Sharma,"2013, 2014, 2015, 2016, 2017, 2018, 2019, 2020/21, 2023, 2024",10
399,MN Samuels,"2012, 2013, 2017",3
400,MN van Wyk,2009,1
401,MP Stoinis,"2016, 2017, 2018, 2019, 2020/21, 2021, 2022, 2023, 2024",9
402,MP Yadav,2024,1
403,MR Marsh,"2009/10, 2011, 2013, 2016, 2020/21, 2022, 2023, 2024",8
404,MS Bisla,"2009/10, 2011, 2012, 2013, 2014, 2015",6
405,MS Dhoni,"2007/08, 2009, 2009/10, 2011, 2012, 2013, 2014, 2015, 2016, 2017, 2018, 2019, 2020/21, 2021, 2022, 2023, 2024",17
406,MS Gony,"2007/08, 2009, 2009/10, 2011, 2012, 2013, 2017",7
407,MS Wade,"2011, 2022, 2024",3
408,MV Boucher,"2007/08, 2009, 2009/10, 2011",4
409,MW Short,2023,1
410,Mandeep Singh,"2009/10, 2011, 2012, 2013, 2014, 2015, 2017, 2018, 2019, 2020/21, 2021, 2022, 2023",13
411,Mashrafe Mortaza,2009,1
412,Mayank Dagar,"2023, 2024",2
413,Misbah-ul-Haq,2007/08,1
414,Mohammad Ashraful,2009,1
415,Mohammad Asif,2007/08,1
416,Mohammad Hafeez,2007/08,1
417,Mohammad Nabi,"2017, 2018, 2019, 2020/21, 2021, 2024",6
418,Mohammed Shami,"2013, 2014, 2016, 2017, 2018, 2019, 2020/21, 2021, 2022, 2023",10
419,Mohammed Siraj,"2017, 2018, 2019, 2020/21, 2021, 2022, 2023, 2024",8
420,Mohit Rathee,2023,1
421,Mohsin Khan,"2022, 2023, 2024",3
422,Monu Kumar,2020/21,1
423,Mujeeb Ur Rahman,"2018, 2019, 2020/21, 2021",4
424,Mukesh Choudhary,"2022, 2024",2
425,Mukesh Kumar,"2023, 2024",2
426,Mustafizur Rahman,"2016, 2017, 2018, 2021, 2022, 2023, 2024",7
427,N Burger,2024,1
428,N Jagadeesan,"2020/21, 2022, 2023",3
429,N Pooran,"2019, 2020/21, 2021, 2022, 2023, 2024",6
430,N Rana,"2016, 2017, 2018, 2019, 2020/21, 2021, 2022, 2023, 2024",9
431,N Saini,2012,1
432,N Thushara,2024,1
433,N Wadhera,"2023, 2024",2
434,NA Saini,"2019, 2020/21, 2021, 2023",4
435,NB Singh,2017,1
436,ND Doshi,"2009/10, 2011",2
437,NJ Maddinson,"2014, 2015",2
438,NJ Rimmington,2011,1
439,NL McCullum,2011,1
440,NLTC Perera,"2009/10, 2011, 2012, 2013, 2015, 2016",6
441,NM Coulter-Nile,"2013, 2014, 2015, 2016, 2017, 2020/21, 2021, 2022",8
442,NS Naik,"2016, 2019, 2020/21",3
443,NT Ellis,"2021, 2022, 2023, 2024",4
444,NV Ojha,"2009, 2009/10, 2011, 2012, 2013, 2014, 2015, 2016, 2017, 2018",10
445,Naman Dhir,2024,1
446,Navdeep Saini,"2021, 2022, 2023",3
447,Naveen-ul-Haq,"2023, 2024",2
448,Niraj Patel,"2007/08, 2009",2
449,Nithish Kumar Reddy,"2023, 2024",2
450,Noor Ahmad,"2023, 2024",2
451,O Thomas,2019,1
452,OA Shah,"2009/10, 2011, 2012, 2013",4
453,OC McCoy,"2022, 2023",2
454,OF Smith,2022,1
455,P Amarnath,2007/08,1
456,P Awana,"2012, 2013, 2014",3
457,P Chopra,2018,1
458,P Dogra,"2009/10, 2012, 2013",3
459,P Dubey,"2020/21, 2023",2
460,P Kumar,"2007/08, 2009, 2009/10, 2011, 2012, 2013, 2014, 2015, 2016, 2017",10
461,P Negi,"2012, 2013, 2014, 2015, 2016, 2017, 2018, 2019",8
462,P Parameswaran,"2011, 2012",2
463,P Prasanth,2011,1
464,P Ray Barman,2019,1
465,P Sahu,2016,1
466,P Simran Singh,"2019, 2020/21, 2021, 2022, 2023, 2024",6
467,P Suyal,"2013, 2014, 2015",3
468,PA Patel,"2007/08, 2009, 2009/10, 2011, 2012, 2013, 2014, 2015, 2016, 2017, 2018, 2019",12
469,PA Reddy,"2012, 2013",2
470,PBB Rajapaksa,"2022, 2023",2
471,PC Valthaty,"2009, 2011, 2012, 2013",4
472,PD Collingwood,2009/10,1
473,PD Salt,"2023, 2024",2
474,PH Solanki,2022,1
475,PJ Cummins,"2014, 2015, 2017, 2020/21, 2021, 2022, 2024",7
476,PJ Sangwan,"2007/08, 2009, 2009/10, 2012, 2013, 2016, 2017, 2018, 2022",9
477,PK Garg,"2020/21, 2021, 2022, 2023",4
478,PM Sarvesh Kumar,2007/08,1
479,PN Mankad,"2022, 2023",2
480,PP Chawla,"2007/08, 2009, 2009/10, 2011, 2012, 2013, 2014, 2015, 2016, 2017, 2018, 2019, 2020/21, 2021, 2023, 2024",16
481,PP Ojha,"2007/08, 2009, 2009/10, 2011, 2012, 2013, 2014, 2015",8
482,PP Shaw,"2018, 2019, 2020/21, 2021, 2022, 2023, 2024",7
483,PR Shah,"2007/08, 2009, 2011",3
484,PSP Handscomb,2016,1
485,PV Tambe,"2013, 2014, 2015, 2016",4
486,PVD Chameera,"2022, 2024",2
487,PWH de Silva,"2021, 2022, 2023",3
488,Pankaj Singh,"2007/08, 2009, 2009/10, 2011, 2012",5
489,Parvez Rasool,"2013, 2014, 2015, 2016",4
490,Q de Kock,"2013, 2014, 2015, 2016, 2018, 2019, 2020/21, 2021, 2022, 2023, 2024",11
491,R Ashwin,"2009, 2009/10, 2011, 2012, 2013, 2014, 2015, 2016, 2018, 2019, 2020/21, 2021, 2022, 2023, 2024",15
492,R Bhatia,"2007/08, 2009, 2009/10, 2011, 2012, 2013, 2014, 2015, 2016, 2017",10
493,R Bishnoi,2009,1
494,R Dhawan,"2013, 2014, 2015, 2016, 2022, 2023, 2024",7
495,R Dravid,"2007/08, 2009, 2009/10, 2011, 2012, 2013",6
496,R Goyal,2023,1
497,R McLaren,"2009/10, 2011, 2013",3
498,R Ninan,2011,1
499,R Parag,"2019, 2020/21, 2021, 2022, 2023, 2024",6
500,R Powell,"2022, 2023, 2024",3
501,R Rampaul,"2013, 2014",2
502,R Ravindra,2024,1
503,R Sai Kishore,"2022, 2024",2
504,R Sanjay Yadav,2022,1
505,R Sathish,"2009/10, 2011, 2013, 2016",4
506,R Sharma,"2009/10, 2011, 2012, 2013, 2014",5
507,R Shepherd,"2022, 2023, 2024",3
508,R Shukla,"2012, 2013, 2014",3
509,R Tewatia,"2014, 2015, 2017, 2018, 2019, 2020/21, 2021, 2022, 2023, 2024",10
510,R Vinay Kumar,"2007/08, 2009, 2009/10, 2011, 2012, 2013, 2014, 2015, 2016, 2017, 2018",11
511,RA Bawa,2022,1
512,RA Jadeja,"2007/08, 2009, 2011, 2012, 2013, 2014, 2015, 2016, 2017, 2018, 2019, 2020/21, 2021, 2022, 2023, 2024",16
513,RA Shaikh,2009,1
514,RA Tripathi,"2017, 2018, 2019, 2020/21, 2021, 2022, 2023, 2024",8
515,RD Chahar,"2017, 2019, 2020/21, 2021, 2022, 2023, 2024",7
516,RD Gaikwad,"2020/21, 2021, 2022, 2023, 2024",5
517,RE Levi,2012,1
518,RE van der Merwe,"2009, 2009/10, 2011, 2012, 2013",5
519,RG More,2015,1
520,RG Sharma,"2007/08, 2009, 2009/10, 2011, 2012, 2013, 2014, 2015, 2016, 2017, 2018, 2019, 2020/21, 2021, 2022, 2023, 2024",17
521,RJ Gleeson,2024,1
522,RJ Harris,"2009, 2009/10, 2011, 2012, 2013",5
523,RJ Peterson,2012,1
524,RJ Quiney,2009,1
525,RJW Topley,"2023, 2024",2
526,RK Bhui,"2018, 2019, 2024",3
527,RK Singh,"2018, 2019, 2020/21, 2022, 2023, 2024",6
528,RM Patidar,"2021, 2022, 2024",3
529,RN ten Doeschate,"2011, 2012, 2013, 2014, 2015",5
530,RP Meredith,"2021, 2022, 2023",3
531,RP Singh,"2007/08, 2009, 2009/10, 2011, 2012, 2013, 2016",7
532,RR Bhatkal,2012,1
533,RR Bose,2009,1
534,RR Pant,"2016, 2017, 2018, 2019, 2020/21, 2021, 2022, 2024",8
535,RR Powar,"2007/08, 2009, 2009/10, 2011, 2012",5
536,RR Raje,"2007/08, 2009",2
537,RR Rossouw,"2014, 2015, 2023, 2024",4
538,RR Sarwan,2007/08,1
539,RS Bopara,"2009, 2009/10, 2015",3
540,RS Gavaskar,2009/10,1
541,RS Hangargekar,2023,1
542,RS Sodhi,2009/10,1
543,RT Ponting,"2007/08, 2013",2
544,RV Gomez,"2011, 2013",2
545,RV Patel,"2021, 2022, 2023",3
546,RV Uthappa,"2007/08, 2009, 2009/10, 2011, 2012, 2013, 2014, 2015, 2016, 2017, 2018, 2019, 2020/21, 2021, 2022",15
547,RW Price,2011,1
548,Rahmanullah Gurbaz,"2023, 2024",2
549,Ramandeep Singh,"2022, 2024",2
550,Rashid Khan,"2017, 2018, 2019, 2020/21, 2021, 2022, 2023, 2024",8
551,Rasikh Salam,"2019, 2022, 2024",3
552,Ravi Bishnoi,"2020/21, 2021, 2022, 2023, 2024",5
553,S Anirudha,"2007/08, 2009/10, 2011, 2012, 2013, 2014",6
554,S Aravind,"2011, 2012, 2015, 2016, 2017",5
555,S Badree,"2013, 2014, 2017",3
556,S Badrinath,"2007/08, 2009, 2009/10, 2011, 2012, 2013",6
557,S Chanderpaul,2007/08,1
558,S Dhawan,"2007/08, 2009, 2009/10, 2011, 2012, 2013, 2014, 2015, 2016, 2017, 2018, 2019, 2020/21, 2021, 2022, 2023, 2024",17
559,S Dube,"2019, 2020/21, 2021, 2022, 2023, 2024",6
560,S Gopal,"2014, 2015, 2016, 2018, 2019, 2020/21, 2021, 2022, 2024",9
561,S Joseph,2024,1
562,S Kaul,"2013, 2014, 2017, 2018, 2019, 2020/21, 2021, 2022",8
563,S Kaushik,"2016, 2017",2
564,S Ladda,"2009/10, 2011, 2013, 2016",4
565,S Lamichhane,"2018, 2019",2
566,S Midhun,2019,1
567,S Nadeem,"2011, 2012, 2013, 2014, 2015, 2016, 2017, 2018, 2019, 2020/21, 2021",11
568,S Narwal,"2009/10, 2013",2
569,S Rana,"2011, 2014",2
570,S Randiv,2011,1
571,S Sandeep Warrier,"2019, 2020/21, 2021, 2024",4
572,S Sohal,"2007/08, 2009, 2011",3
573,S Sreesanth,"2007/08, 2009, 2009/10, 2011, 2013",5
574,S Sriram,"2009/10, 2011",2
575,S Tyagi,"2009, 2009/10",2
576,S Vidyut,2007/08,1
577,SA Abbott,"2015, 2022",2
578,SA Asnodkar,"2007/08, 2009, 2009/10, 2011",4
579,SA Yadav,"2012, 2014, 2015, 2016, 2017, 2018, 2019, 2020/21, 2021, 2022, 2023, 2024",12
580,SB Bangar,"2007/08, 2009",2
581,SB Dubey,2024,1
582,SB Jakati,"2009, 2009/10, 2011, 2012, 2014, 2016, 2017",7
583,SB Joshi,2007/08,1
584,SB Styris,"2007/08, 2009, 2011",3
585,SB Wagh,"2009/10, 2011",2
586,SC Ganguly,"2007/08, 2009, 2009/10, 2011, 2012",5
587,SC Kuggeleijn,2019,1
588,SD Chitnis,"2007/08, 2009, 2011, 2012",4
589,SD Hope,2024,1
590,SD Lad,2019,1
591,SE Bond,2009/10,1
592,SE Marsh,"2007/08, 2009/10, 2011, 2012, 2013, 2014, 2015, 2016, 2017",9
593,SE Rutherford,"2019, 2022",2
594,SH Johnson,2024,1
595,SJ Srivastava,"2009/10, 2011",2
596,SK Raina,"2007/08, 2009, 2009/10, 2011, 2012, 2013, 2014, 2015, 2016, 2017, 2018, 2019, 2021",13
597,SK Trivedi,"2007/08, 2009, 2009/10, 2011, 2012, 2013",6
598,SK Warne,"2007/08, 2009, 2009/10, 2011",4
599,SL Malinga,"2009, 2009/10, 2011, 2012, 2013, 2014, 2015, 2017, 2019",9
600,SM Boland,2016,1
601,SM Curran,"2019, 2020/21, 2021, 2023, 2024",5
602,SM Harwood,2009,1
603,SM Katich,"2007/08, 2009",2
604,SM Pollock,2007/08,1
605,SMSM Senanayake,2013,1
606,SN Khan,"2015, 2016, 2018, 2019, 2020/21, 2021, 2022, 2023",8
607,SN Thakur,"2015, 2017, 2018, 2019, 2020/21, 2021, 2022, 2023, 2024",9
608,SO Hetmyer,"2019, 2020/21, 2021, 2022, 2023, 2024",6
609,SP Fleming,2007/08,1
610,SP Goswami,"2007/08, 2009, 2009/10, 2011, 2012, 2018, 2020/21",7
611,SP Jackson,"2017, 2022",2
612,SP Narine,"2012, 2013, 2014, 2015, 2016, 2017, 2018, 2019, 2020/21, 2021, 2022, 2023, 2024",13
613,SPD Smith,"2012, 2013, 2014, 2015, 2016, 2017, 2019, 2020/21, 2021",9
614,SR Tendulkar,"2007/08, 2009, 2009/10, 2011, 2012, 2013",6
615,SR Watson,"2007/08, 2009/10, 2011, 2012, 2013, 2014, 2015, 2016, 2017, 2018, 2019, 2020/21",12
616,SS Agarwal,2017,1
617,SS Cottrell,2020/21,1
618,SS Iyer,"2015, 2016, 2017, 2018, 2019, 2020/21, 2021, 2022, 2024",9
619,SS Mundhe,2011,1
620,SS Prabhudessai,"2022, 2023, 2024",3
621,SS Sarkar,2009,1
622,SS Shaikh,2009,1
623,SS Tiwary,"2007/08, 2009, 2009/10, 2011, 2012, 2013, 2015, 2016, 2017, 2020/21, 2021",11
624,SSB Magala,2023,1
625,ST Jayasuriya,"2007/08, 2009, 2009/10",3
626,STR Binny,"2009/10, 2011, 2012, 2013, 2014, 2015, 2016, 2017, 2018, 2019",10
627,SV Samson,"2013, 2014, 2015, 2016, 2017, 2018, 2019, 2020/21, 2021, 2022, 2023, 2024",12
628,SW Billings,"2016, 2017, 2018, 2019, 2022",5
629,SW Tait,"2009/10, 2011, 2012, 2013",4
630,SZ Mulani,2024,1
631,Sachin Baby,"2013, 2016, 2017, 2021",4
632,Salman Butt,2007/08,1
633,Sameer Rizvi,2024,1
634,Sandeep Sharma,"2013, 2014, 2015, 2016, 2017, 2018, 2019, 2020/21, 2021, 2022, 2023, 2024",12
635,Sanvir Singh,"2023, 2024",2
636,Saurav Chauhan,2024,1
637,Shahbaz Ahmed,"2020/21, 2021, 2022, 2023, 2024",5
638,Shahid Afridi,2007/08,1
639,Shakib Al Hasan,"2011, 2012, 2014, 2015, 2016, 2017, 2018, 2019, 2021",9
640,Shashank Singh,"2022, 2024",2
641,Shivam Mavi,"2018, 2020/21, 2021, 2022",4
642,Shivam Sharma,"2014, 2015",2
643,Shivam Singh,2024,1
644,Shoaib Ahmed,2009,1
645,Shoaib Akhtar,2007/08,1
646,Shoaib Malik,2007/08,1
647,Shubman Gill,"2018, 2019, 2020/21, 2021, 2022, 2023, 2024",7
648,Sikandar Raza,"2023, 2024",2
649,Simarjeet Singh,"2022, 2024",2
650,Sohail Tanvir,2007/08,1
651,Sumit Kumar,2024,1
652,Sunny Gupta,2012,1
653,Sunny Singh,2011,1
654,Suyash Sharma,"2023, 2024",2
655,Swapnil Singh,"2016, 2017, 2023, 2024",4
656,T Banton,2020/21,1
657,T Henderson,2009,1
658,T Kohler-Cadmore,2024,1
659,T Kohli,"2007/08, 2009",2
660,T Natarajan,"2017, 2020/21, 2021, 2022, 2023, 2024",6
661,T Shamsi,"2016, 2021",2
662,T Stubbs,"2022, 2023, 2024",3
663,T Taibu,2007/08,1
664,T Thushara,"2009, 2009/10",2
665,TA Boult,"2015, 2016, 2017, 2018, 2019, 2020/21, 2021, 2022, 2023, 2024",10
666,TD Paine,2011,1
667,TG Southee,"2011, 2014, 2015, 2016, 2017, 2018, 2019, 2021, 2022, 2023",10
668,TH David,"2021, 2022, 2023, 2024",4
669,TK Curran,"2018, 2020/21, 2021",3
670,TL Seifert,"2021, 2022",2
671,TL Suman,"2009, 2009/10, 2011, 2012, 2013",5
672,TM Dilshan,"2007/08, 2009, 2009/10, 2011, 2012, 2013",6
673,TM Head,"2016, 2017, 2024",3
674,TM Srivastava,"2007/08, 2009",2
675,TP Sudhindra,2012,1
676,TR Birt,2011,1
677,TS Mills,"2017, 2022",2
678,TU Deshpande,"2020/21, 2022, 2023, 2024",4
679,Tanush Kotian,2024,1
680,Tejas Baroka,2017,1
681,Tilak Varma,"2022, 2023, 2024",3
682,U Kaul,2007/08,1
683,UA Birla,2013,1
684,UBT Chand,"2011, 2012, 2013, 2014, 2015, 2016",6
685,UT Khawaja,2016,1
686,UT Yadav,"2009/10, 2011, 2012, 2013, 2014, 2015, 2016, 2017, 2018, 2019, 2020/21, 2022, 2023, 2024",14
687,Umar Gul,2007/08,1
688,Umran Malik,"2021, 2022, 2023, 2024",4
689,V Kaverappa,2024,1
690,V Kohli,"2007/08, 2009, 2009/10, 2011, 2012, 2013, 2014, 2015, 2016, 2017, 2018, 2019, 2020/21, 2021, 2022, 2023, 2024",17
691,V Pratap Singh,2012,1
692,V Sehwag,"2007/08, 2009, 2009/10, 2011, 2012, 2013, 2014, 2015",8
693,V Shankar,"2014, 2017, 2018, 2019, 2020/21, 2021, 2022, 2023, 2024",9
694,V Viyaskanth,2024,1
695,VG Arora,"2022, 2023, 2024",3
696,VH Zol,2014,1
697,VR Aaron,"2011, 2012, 2014, 2015, 2016, 2017, 2019, 2020/21, 2022",9
698,VR Iyer,"2021, 2022, 2023, 2024",4
699,VRV Singh,"2007/08, 2009, 2009/10",3
700,VS Malik,"2009, 2009/10, 2011, 2013, 2014",5
701,VS Yeligati,2007/08,1
702,VVS Laxman,"2007/08, 2009, 2009/10, 2011",4
703,VY Mahesh,"2007/08, 2009, 2009/10, 2012",4
704,Vijaykumar Vyshak,"2023, 2024",2
705,Virat Singh,2021,1
706,Vishnu Vinod,"2017, 2023",2
707,Vivrant Sharma,2023,1
708,W Jaffer,"2007/08, 2009",2
709,WA Mota,"2007/08, 2009",2
710,WD Parnell,"2011, 2012, 2013, 2014, 2023",5
711,WG Jacks,2024,1
712,WP Saha,"2007/08, 2009, 2009/10, 2011, 2012, 2013, 2014, 2015, 2016, 2017, 2018, 2019, 2020/21, 2021, 2022, 2023, 2024",17
713,WPUJC Vaas,"2007/08, 2009, 2009/10",3
714,Washington Sundar,"2017, 2018, 2019, 2020/21, 2021, 2022, 2023, 2024",8
715,X Thalaivan Sargunam,2013,1
716,Y Gnaneswara Rao,2011,1
717,Y Nagar,"2009, 2009/10, 2011, 2012",4
718,Y Prithvi Raj,2019,1
719,Y Venugopal Rao,"2007/08, 2009, 2009/10, 2011, 2012, 2014",6
720,YA Abdulla,"2009, 2009/10",2
721,YBK Jaiswal,"2020/21, 2021, 2022, 2023, 2024",5
722,YK Pathan,"2007/08, 2009, 2009/10, 2011, 2012, 2013, 2014, 2015, 2016, 2017, 2018, 2019",12
723,YS Chahal,"2013, 2014, 2015, 2016, 2017, 2018, 2019, 2020/21, 2021, 2022, 2023, 2024",12
724,YV Dhull,2023,1
725,YV Takawale,"2007/08, 2009, 2014",3
726,Yash Dayal,"2022, 2023, 2024",3
727,Yash Thakur,"2023, 2024",2
728,Yashpal Singh,2009,1
729,Younis Khan,2007/08,1
730,Yudhvir Singh,"2023, 2024",2
731,Yuvraj Singh,"2007/08, 2009, 2009/10, 2011, 2013, 2014, 2015, 2016, 2017, 2018, 2019",11
732,Z Khan,"2007/08, 2009, 2009/10, 2011, 2012, 2013, 2014, 2015, 2016, 2017",10
