,striker,U_n_n,m_a_t,s_e_a,s_t_a,v_e_n,i_n_n,b_a_l,b_a_t,b_o_w,s_t_r,n_o_n,b_o_w,r_u_n,e_x_t,w_i_d,n_o_b,b_y_e,l_e_g,p_e_n,w_i_c,p_l_a,o_t_h,o_t_h,t_o_t,y_e_a
0,0,striker,,,,,,,,,,,,,,,,,,,,,,,,
1,1,A Badoni,,,1.1910112359550562,1.1,1.4803921568627452,1.0357142857142858,1.4081632653061225,0.8484848484848485,,,106.0,55.0,151.0,87.0,207.0,28.0,,,119.10112359550564,110.0,148.03921568627453,103.57142857142858,140.81632653061226,84.84848484848484
2,2,A Kamboj,,,,,,,,1.0,,,,,,,,2.0,,,,,,,,100.0
3,3,A Manohar,,,1.396551724137931,1.2857142857142858,1.8297872340425527,0.717948717948718,0.5714285714285714,0.5,,,81.0,27.0,86.0,28.0,8.0,1.0,,,139.6551724137931,128.57142857142858,182.9787234042553,71.7948717948718,57.14285714285714,50.0
4,4,A Mishra,,,,,,0.6333333333333333,,,,,,,,19.0,,,,,,,,63.33333333333333,,
5,5,A Nortje,,,,0.1428571428571428,1.0769230769230769,1.4375,,0.4444444444444444,,,,1.0,14.0,23.0,,4.0,,,,14.285714285714285,107.6923076923077,143.75,,44.44444444444444
6,6,A Raghuvanshi,,,,,,,1.5145631067961165,1.1666666666666667,,,,,,,156.0,7.0,,,,,,,151.45631067961165,116.66666666666669
7,7,A Tomar,,,,0.5,,,,,,,,4.0,,,,,,,,50.0,,,,
8,8,A Zampa,,,,,0.7272727272727273,0.3333333333333333,,,,,,,8.0,2.0,,,,,,,72.72727272727273,33.33333333333333,,
9,9,AA Kulkarni,,,,,,,,1.125,,,,,,,,9.0,,,,,,,,112.5
10,10,AB de Villiers,1.664,0.9655172413793104,,,,,,,208.0,56.0,,,,,,,166.4,96.55172413793105,,,,,,
11,11,AD Russell,1.4230769230769231,1.7592592592592593,1.5714285714285714,1.75,1.3763440860215057,1.434782608695652,1.574468085106383,,74.0,95.0,132.0,203.0,128.0,99.0,222.0,,142.30769230769232,175.92592592592592,157.14285714285714,175.0,137.63440860215056,143.47826086956522,157.4468085106383,
12,12,AF Milne,1.0,0.8333333333333334,,,,,,,1.0,15.0,,,,,,,100.0,83.33333333333334,,,,,,
13,13,AJ Finch,,,0.7692307692307693,1.3333333333333333,,,,,,,10.0,76.0,,,,,,,76.92307692307693,133.33333333333331,,,,
14,14,AJ Hosein,,,,,1.4545454545454546,,,,,,,,16.0,,,,,,,,145.45454545454547,,,
15,15,AJ Turner,,,,,,,,1.05,,,,,,,,21.0,,,,,,,,105.0
16,16,AK Markram,1.1129032258064515,1.2622950819672132,1.2741935483870968,1.4046511627906977,1.29,1.19,1.107843137254902,1.258823529411765,69.0,77.0,79.0,302.0,129.0,119.0,113.0,107.0,111.29032258064515,126.22950819672133,127.41935483870968,140.46511627906978,129.0,119.0,110.7843137254902,125.88235294117646
17,17,AM Rahane,,,1.0333333333333334,1.0,1.7608695652173914,1.623762376237624,1.1147540983606556,1.358974358974359,,,62.0,71.0,162.0,164.0,136.0,106.0,,,103.33333333333334,100.0,176.08695652173913,162.3762376237624,111.47540983606557,135.8974358974359
18,18,AR Patel,0.8125,0.7,1.288888888888889,1.6103896103896105,1.3130434782608695,1.306930693069307,1.3303571428571428,1.2112676056338028,26.0,14.0,58.0,124.0,151.0,132.0,149.0,86.0,81.25,70.0,128.88888888888889,161.03896103896105,131.30434782608694,130.6930693069307,133.03571428571428,121.12676056338027
19,19,AS Joseph,,,0.8333333333333334,0.0,,0.5833333333333334,,,,,5.0,0.0,,7.0,,,,,83.33333333333334,0.0,,58.333333333333336,,
20,20,AS Roy,,,,0.0,1.3571428571428572,0.8,1.0,,,,,0.0,19.0,4.0,3.0,,,,,0.0,135.71428571428572,80.0,100.0,
21,21,AT Rayudu,1.5818181818181818,1.25,1.08130081300813,1.3177570093457944,1.4696969696969695,1.2448979591836735,,,174.0,60.0,133.0,141.0,97.0,61.0,,,158.1818181818182,125.0,108.130081300813,131.77570093457945,146.96969696969697,124.48979591836736,,
22,22,AU Rashid,,,,,1.3333333333333333,1.2857142857142858,,,,,,,4.0,18.0,,,,,,,133.33333333333331,128.57142857142858,,
23,23,Abdul Basith,,,,,,1.0,,,,,,,,1.0,,,,,,,,100.0,,
24,24,Abdul Samad,1.2857142857142858,0.8695652173913043,,0.5714285714285714,1.5357142857142858,1.106666666666667,1.8142857142857145,1.2790697674418603,72.0,20.0,,4.0,86.0,83.0,127.0,55.0,128.57142857142858,86.95652173913044,,57.14285714285714,153.57142857142858,110.66666666666669,181.42857142857144,127.90697674418604
25,25,Abhishek Sharma,1.121212121212121,1.3555555555555556,1.3295454545454546,1.2821576763485478,1.4519230769230769,1.2096774193548387,1.7142857142857142,2.226086956521739,37.0,61.0,117.0,309.0,151.0,75.0,228.0,256.0,112.12121212121212,135.55555555555557,132.95454545454547,128.2157676348548,145.19230769230768,120.96774193548389,171.42857142857142,222.6086956521739
26,26,Abishek Porel,,,,,1.5,0.7058823529411765,1.6515151515151516,1.345679012345679,,,,,21.0,12.0,218.0,109.0,,,,,150.0,70.58823529411765,165.15151515151516,134.5679012345679
27,27,Akash Deep,,,,0.0,,2.125,1.0,,,,,0.0,,17.0,2.0,,,,,0.0,,212.5,100.0,
28,28,Akash Madhwal,,,,,,,0.8,,,,,,,,4.0,,,,,,,,80.0,
29,29,Aman Hakim Khan,,,1.6666666666666667,,1.1666666666666667,0.903846153846154,,,,,5.0,,63.0,47.0,,,,,166.66666666666669,,116.66666666666669,90.3846153846154,,
30,30,Anmolpreet Singh,,1.1428571428571428,0.8888888888888888,1.25,1.2407407407407407,1.3103448275862069,0.8333333333333334,0.0,,16.0,8.0,5.0,67.0,38.0,5.0,0.0,,114.28571428571428,88.88888888888889,125.0,124.07407407407408,131.0344827586207,83.33333333333334,0.0
31,31,Anuj Rawat,,0.0,0.8333333333333334,1.118279569892473,1.3432835820895523,0.2,1.7586206896551724,0.9215686274509804,,0.0,25.0,104.0,90.0,1.0,51.0,47.0,,0.0,83.33333333333334,111.8279569892473,134.32835820895522,20.0,175.86206896551724,92.15686274509804
32,32,Arjun Tendulkar,,,,,,1.4444444444444444,,,,,,,,13.0,,,,,,,,144.44444444444443,,
33,33,Arshad Khan,,,,,1.2,,1.1111111111111112,1.7058823529411764,,,,,18.0,,20.0,58.0,,,,,120.0,,111.11111111111111,170.58823529411765
34,34,Arshad Khan (2),,,,,,,1.25,,,,,,,,5.0,,,,,,,,125.0,
35,35,Arshdeep Singh,0.6666666666666666,,0.7916666666666666,0.3333333333333333,,1.0,,1.0,2.0,,19.0,2.0,,2.0,,4.0,66.66666666666666,,79.16666666666666,33.33333333333333,,100.0,,100.0
36,36,Ashutosh Sharma,,,,,,,1.2857142857142858,1.7,,,,,,,36.0,153.0,,,,,,,128.57142857142858,170.0
37,37,Atharva Taide,,,,,1.5483870967741935,1.3142857142857145,1.4878048780487805,,,,,,48.0,138.0,61.0,,,,,,154.83870967741936,131.42857142857142,148.78048780487805,
38,38,Avesh Khan,1.6666666666666667,,0.4,2.5,,0.0,1.5,2.333333333333333,5.0,,2.0,20.0,,0.0,3.0,7.0,166.66666666666669,,40.0,250.0,,0.0,150.0,233.33333333333331
39,39,Azmatullah Omarzai,,,,,,,1.5454545454545454,1.0869565217391304,,,,,,,17.0,25.0,,,,,,,154.54545454545453,108.69565217391305
40,40,B Indrajith,,,0.75,0.6521739130434783,,,,,,,6.0,15.0,,,,,,,75.0,65.21739130434783,,,,
41,41,B Kumar,1.0,1.125,1.0,0.8518518518518519,2.0,0.8333333333333334,0.4615384615384615,1.0,14.0,18.0,1.0,23.0,2.0,40.0,6.0,17.0,100.0,112.5,100.0,85.18518518518519,200.0,83.33333333333334,46.15384615384615,100.0
42,42,B Sai Sudharsan,,,1.2063492063492065,1.2545454545454546,1.4550561797752808,1.197674418604651,1.4973544973544974,1.2261306532663316,,,76.0,69.0,259.0,103.0,283.0,244.0,,,120.63492063492065,125.45454545454548,145.5056179775281,119.76744186046513,149.73544973544975,122.61306532663316
43,43,BA Stokes,,,,,1.0,,,,,,,,15.0,,,,,,,,100.0,,,
44,44,BR Sharath,,,,,,,,0.4,,,,,,,,2.0,,,,,,,,40.0
45,45,C Green,,,,,1.5411764705882354,1.5891089108910892,1.4390243902439024,0.9047619047619048,,,,,131.0,321.0,236.0,19.0,,,,,154.11764705882354,158.91089108910893,143.90243902439025,90.47619047619048
46,46,C Sakariya,0.75,0.2,,,,0.6666666666666666,,,15.0,1.0,,,,4.0,,,75.0,20.0,,,,66.66666666666666,,
47,47,CH Gayle,1.1827956989247312,1.131578947368421,,,,,,,110.0,43.0,,,,,,,118.27956989247312,113.1578947368421,,,,,,
48,48,CH Morris,1.0740740740740742,0.0,,,,,,,29.0,0.0,,,,,,,107.40740740740742,0.0,,,,,,
49,49,CJ Jordan,1.5238095238095235,,1.5,1.0,0.5714285714285714,0.3333333333333333,,,32.0,,6.0,5.0,4.0,2.0,,,152.38095238095238,,150.0,100.0,57.14285714285714,33.33333333333333,,
50,50,CV Varun,,0.5,0.625,1.0,0.125,0.0,,,,2.0,10.0,2.0,1.0,0.0,,,,50.0,62.5,100.0,12.5,0.0,,
51,51,D Brevis,,,1.108108108108108,1.518987341772152,,,0.0,1.1694915254237288,,,41.0,120.0,,,0.0,69.0,,,110.8108108108108,151.8987341772152,,,0.0,116.94915254237289
52,52,D Ferreira,,,,,,,0.875,0.3333333333333333,,,,,,,7.0,1.0,,,,,,,87.5,33.33333333333333
53,53,D Padikkal,1.1016949152542372,1.3666666666666667,1.2807692307692309,0.7543859649122807,1.2857142857142858,1.2587412587412588,0.6756756756756757,0.5652173913043478,195.0,205.0,333.0,43.0,81.0,180.0,25.0,13.0,110.16949152542372,136.66666666666666,128.07692307692307,75.43859649122807,128.57142857142858,125.87412587412588,67.56756756756756,56.52173913043478
54,54,D Pretorius,,,0.0,1.6296296296296295,,,,,,,0.0,44.0,,,,,,,0.0,162.96296296296296,,,,
55,55,D Wiese,,,,,2.2222222222222223,0.5,,,,,,,20.0,1.0,,,,,,,222.22222222222223,50.0,,
56,56,DA Miller,0.90625,0.825,1.2290076335877862,1.4746543778801844,1.4883720930232558,1.336734693877551,1.178082191780822,1.631578947368421,29.0,33.0,161.0,320.0,128.0,131.0,86.0,124.0,90.625,82.5,122.90076335877862,147.46543778801845,148.8372093023256,133.67346938775512,117.8082191780822,163.1578947368421
57,57,DA Warner,0.95,0.9529411764705882,1.2755905511811023,1.5517241379310345,1.1544117647058822,1.3296296296296295,1.4210526315789471,1.1917808219178083,57.0,81.0,162.0,270.0,157.0,359.0,81.0,87.0,95.0,95.2941176470588,127.55905511811024,155.17241379310346,115.44117647058825,132.96296296296296,142.10526315789474,119.17808219178085
58,58,DG Nalkande,,,,,,0.0,,1.0909090909090908,,,,,,0.0,,12.0,,,,,,0.0,,109.09090909090908
59,59,DJ Bravo,2.136363636363636,,0.9166666666666666,0.5,,,,,47.0,,22.0,1.0,,,,,213.63636363636363,,91.66666666666666,50.0,,,,
60,60,DJ Hooda,1.021978021978022,0.5,1.3945945945945946,1.2451612903225806,0.9736842105263158,0.8545454545454545,1.234375,1.5348837209302326,93.0,3.0,258.0,193.0,37.0,47.0,79.0,66.0,102.1978021978022,50.0,139.45945945945945,124.51612903225806,97.36842105263158,85.45454545454545,123.4375,153.48837209302326
61,61,DJ Malan,1.0,,,,,,,,26.0,,,,,,,,100.0,,,,,,,
62,62,DJ Mitchell,,,0.717391304347826,,,,1.3577981651376148,1.4285714285714286,,,33.0,,,,148.0,170.0,,,71.73913043478261,,,,135.7798165137615,142.85714285714286
63,63,DJ Willey,,,,0.5625,2.0,1.0333333333333334,,,,,,18.0,4.0,31.0,,,,,,56.25,200.0,103.33333333333334,,
64,64,DL Chahar,,1.0,,,0.5,,,,,1.0,,,1.0,,,,,100.0,,,50.0,,,
65,65,DP Conway,,,1.410071942446043,1.5135135135135136,1.457516339869281,1.2085561497326205,,,,,196.0,56.0,446.0,226.0,,,,,141.0071942446043,151.35135135135135,145.75163398692808,120.85561497326202,,
66,66,DR Sams,1.5,0.75,1.5,0.8125,,,,,3.0,3.0,12.0,26.0,,,,,150.0,75.0,150.0,81.25,,,,
67,67,DT Christian,0.8333333333333334,0.2857142857142857,,,,,,,10.0,2.0,,,,,,,83.33333333333334,28.57142857142857,,,,,,
68,68,Dhruv Jurel,,,,,1.6285714285714286,1.637931034482759,1.511111111111111,1.2828282828282829,,,,,57.0,95.0,68.0,127.0,,,,,162.85714285714286,163.79310344827587,151.11111111111111,128.2828282828283
69,69,E Lewis,1.4761904761904765,2.25,0.7857142857142857,1.3478260869565215,,,,,124.0,27.0,11.0,62.0,,,,,147.61904761904762,225.0,78.57142857142857,134.7826086956522,,,,
70,70,EJG Morgan,0.7666666666666667,0.9901960784313726,,,,,,,23.0,101.0,,,,,,,76.66666666666667,99.01960784313728,,,,,,
71,71,F du Plessis,1.4026402640264026,1.264516129032258,1.3214285714285714,1.08,1.423529411764706,1.7202797202797202,1.4076086956521738,1.9456521739130437,425.0,196.0,333.0,135.0,484.0,246.0,259.0,179.0,140.26402640264027,126.4516129032258,132.14285714285714,108.0,142.35294117647058,172.02797202797203,140.76086956521738,194.56521739130437
72,72,FA Allen,0.5454545454545454,0.0,,1.1428571428571428,,,,,6.0,0.0,,8.0,,,,,54.54545454545454,0.0,,114.28571428571428,,,,
73,73,Fazalhaq Farooqi,,,,0.25,,0.2,,,,,,2.0,,1.0,,,,,,25.0,,20.0,,
74,74,G Coetzee,,,,,,,0.4166666666666667,0.9,,,,,,,5.0,9.0,,,,,,,41.66666666666667,90.0
75,75,GD Phillips,0.3076923076923077,1.1,,,0.6666666666666666,2.5384615384615383,,,4.0,22.0,,,6.0,33.0,,,30.76923076923077,110.0,,,66.66666666666666,253.84615384615384,,
76,76,GHS Garton,0.0,0.6666666666666666,,,,,,,0.0,2.0,,,,,,,0.0,66.66666666666666,,,,,,
77,77,GJ Maxwell,1.326315789473684,1.5092592592592593,1.5,1.9464285714285716,1.736842105263158,1.9074074074074077,1.2857142857142858,0.6363636363636364,252.0,163.0,192.0,109.0,297.0,103.0,45.0,7.0,132.6315789473684,150.92592592592592,150.0,194.64285714285717,173.6842105263158,190.74074074074076,128.57142857142858,63.63636363636363
78,78,Gulbadin Naib,,,,,,,1.2666666666666666,,,,,,,,19.0,,,,,,,,126.66666666666666,
79,79,H Klaasen,,,,,1.722972972972973,1.6929824561403508,1.693467336683417,1.5106382978723405,,,,,255.0,193.0,337.0,142.0,,,,,172.2972972972973,169.29824561403507,169.3467336683417,151.06382978723406
80,80,HC Brook,,,,,1.494949494949495,0.7,,,,,,,148.0,42.0,,,,,,,149.4949494949495,70.0,,
81,81,HE van der Dussen,,,1.1428571428571428,0.5454545454545454,,,,,,,16.0,6.0,,,,,,,114.28571428571428,54.54545454545454,,,,
82,82,HH Pandya,0.8974358974358975,1.28,1.2510121457489878,1.2714285714285714,1.4538461538461538,1.2661290322580645,1.273972602739726,1.5185185185185186,35.0,64.0,309.0,178.0,189.0,157.0,93.0,123.0,89.74358974358975,128.0,125.10121457489878,127.14285714285714,145.3846153846154,126.61290322580643,127.3972602739726,151.85185185185185
83,83,HR Shokeen,,,1.0,0.782608695652174,1.2105263157894737,,,,,,25.0,18.0,23.0,,,,,,100.0,78.26086956521739,121.05263157894736,,,
84,84,HV Patel,1.0434782608695652,1.4090909090909092,0.4166666666666667,1.2666666666666666,1.5,0.0,0.0,0.7222222222222222,24.0,31.0,5.0,38.0,6.0,0.0,0.0,13.0,104.34782608695652,140.9090909090909,41.66666666666667,126.66666666666666,150.0,0.0,0.0,72.22222222222221
85,85,Harbhajan Singh,,1.0,,,,,,,,2.0,,,,,,,,100.0,,,,,,
86,86,Harpreet Brar,1.0338983050847457,1.5,0.9130434782608696,0.5,1.375,1.0555555555555556,1.7894736842105263,1.025,61.0,3.0,21.0,1.0,33.0,19.0,34.0,41.0,103.38983050847456,150.0,91.30434782608695,50.0,137.5,105.55555555555556,178.94736842105263,102.5
87,87,Harpreet Singh,,,,,1.4642857142857142,1.1290322580645162,0.7368421052631579,0.8666666666666667,,,,,41.0,35.0,14.0,13.0,,,,,146.42857142857142,112.90322580645164,73.68421052631578,86.66666666666667
88,88,Harshit Rana,,,0.0,2.0,0.0,,,,,,0.0,2.0,0.0,,,,,,0.0,200.0,0.0,,,
89,89,I Sharma,,,,,1.0,,,0.125,,,,,1.0,,,1.0,,,,,100.0,,,12.5
90,90,Ishan Kishan,1.2678571428571428,1.4893617021276595,1.2868217054263569,1.1150442477876106,1.2429906542056075,1.4724770642201834,1.1264367816091954,1.6444444444444444,142.0,70.0,166.0,252.0,133.0,321.0,98.0,222.0,126.78571428571428,148.93617021276594,128.68217054263567,111.50442477876106,124.29906542056077,147.24770642201835,112.64367816091954,164.44444444444443
91,91,J Fraser-McGurk,,,,,,,2.283783783783784,2.1184210526315788,,,,,,,169.0,161.0,,,,,,,228.3783783783784,211.84210526315783
92,92,J Suchith,,2.333333333333333,0.0,0.2857142857142857,,,,,,14.0,0.0,2.0,,,,,,233.33333333333331,0.0,28.57142857142857,,,,
93,93,J Yadav,1.3076923076923077,,,,,,,,34.0,,,,,,,,130.76923076923077,,,,,,,
94,94,JA Richardson,0.6521739130434783,,,,,,,1.0,15.0,,,,,,,2.0,65.21739130434783,,,,,,,100.0
95,95,JC Archer,,,,,1.5,0.5,,,,,,,3.0,1.0,,,,,,,150.0,50.0,,
96,96,JC Buttler,1.5727272727272728,1.255813953488372,1.3665987780040734,1.8285714285714283,1.4734513274336285,0.8194444444444444,0.8360655737704918,1.502439024390244,173.0,54.0,671.0,192.0,333.0,59.0,51.0,308.0,157.27272727272728,125.5813953488372,136.65987780040734,182.8571428571429,147.34513274336285,81.94444444444444,83.60655737704919,150.2439024390244
97,97,JD Unadkat,,1.2,1.391304347826087,1.9285714285714288,,1.2857142857142858,1.0714285714285714,0.6923076923076923,,30.0,32.0,27.0,,9.0,15.0,9.0,,120.0,139.1304347826087,192.8571428571429,,128.57142857142858,107.14285714285714,69.23076923076923
98,98,JDS Neesham,0.0,0.0,1.1666666666666667,1.1333333333333333,,,,,0.0,0.0,14.0,17.0,,,,,0.0,0.0,116.66666666666669,113.33333333333331,,,,
99,99,JE Root,,,,,,0.6666666666666666,,,,,,,,10.0,,,,,,,,66.66666666666666,,
100,100,JJ Bumrah,1.5,0.75,,0.0,,,1.0,1.0,9.0,6.0,,0.0,,,10.0,2.0,150.0,75.0,,0.0,,,100.0,100.0
101,101,JJ Roy,0.9491525423728814,1.4242424242424243,,,1.29,1.625,,,56.0,94.0,,,129.0,156.0,,,94.91525423728814,142.42424242424244,,,129.0,162.5,,
102,102,JM Bairstow,1.1666666666666667,1.4621848739495795,1.4824561403508771,1.2727272727272727,,,0.92,1.5988372093023255,7.0,174.0,169.0,84.0,,,23.0,275.0,116.66666666666669,146.21848739495798,148.24561403508773,127.27272727272728,,,92.0,159.88372093023256
103,103,JM Sharma,,,1.6732673267326732,1.3541666666666667,1.4932432432432432,1.543859649122807,1.3835616438356164,1.162162162162162,,,169.0,65.0,221.0,88.0,101.0,86.0,,,167.32673267326732,135.41666666666669,149.32432432432432,154.38596491228068,138.35616438356163,116.2162162162162
104,104,JO Holder,0.9166666666666666,1.5,1.8823529411764703,0.896551724137931,1.0,1.0,,,33.0,48.0,32.0,26.0,11.0,1.0,,,91.66666666666666,150.0,188.23529411764704,89.65517241379311,100.0,100.0,,
105,105,JP Behrendorff,,,,,,0.6666666666666666,,,,,,,,6.0,,,,,,,,66.66666666666666,,
106,106,JR Hazlewood,,,0.3076923076923077,1.0,0.5,,,,,,4.0,14.0,1.0,,,,,,30.76923076923077,100.0,50.0,,,
107,107,K Gowtham,,,,0.0,1.9,1.2352941176470589,,,,,,0.0,19.0,42.0,,,,,,0.0,190.0,123.52941176470588,,
108,108,K Kartikeya,,,,0.5,,0.8571428571428571,,,,,,3.0,,6.0,,,,,,50.0,,85.71428571428571,,
109,109,K Rabada,0.0,4.0,1.0526315789473684,0.8888888888888888,,0.0,1.0,1.1875,0.0,4.0,40.0,8.0,,0.0,1.0,19.0,0.0,400.0,105.26315789473684,88.88888888888889,,0.0,100.0,118.75
110,110,K Yadav,0.0,,,,,,,,0.0,,,,,,,,0.0,,,,,,,
111,111,KA Jamieson,0.9444444444444444,1.3333333333333333,,,,,,,17.0,32.0,,,,,,,94.44444444444444,133.33333333333331,,,,,,
112,112,KA Maharaj,,,,,,,,0.5,,,,,,,,1.0,,,,,,,,50.0
113,113,KA Pollard,1.120481927710843,1.75,1.131578947368421,0.9351851851851852,,,,,93.0,140.0,43.0,101.0,,,,,112.04819277108432,175.0,113.1578947368421,93.51851851851852,,,,
114,114,KD Karthik,1.3235294117647058,1.2409638554216869,1.781512605042017,1.710144927536232,1.3278688524590163,1.3111111111111111,1.6336633663366336,1.7127659574468086,90.0,103.0,212.0,118.0,81.0,59.0,165.0,161.0,132.35294117647058,124.09638554216868,178.1512605042017,171.0144927536232,132.78688524590163,131.11111111111111,163.36633663366337,171.27659574468086
115,115,KH Pandya,0.9761904761904762,1.1764705882352942,1.1111111111111112,1.2988505747126438,1.1494252873563218,1.035294117647059,1.3417721518987342,0.8181818181818182,41.0,80.0,70.0,113.0,100.0,88.0,106.0,27.0,97.61904761904762,117.64705882352942,111.11111111111111,129.8850574712644,114.94252873563218,103.5294117647059,134.17721518987344,81.81818181818183
116,116,KK Ahmed,,0.5,,0.0,,,,,,1.0,,0.0,,,,,,50.0,,0.0,,,,
117,117,KK Nair,,,0.8888888888888888,,,,,,,,16.0,,,,,,,,88.88888888888889,,,,,
118,118,KL Nagarkoti,,0.0,,,,,,,,0.0,,,,,,,,0.0,,,,,,
119,119,KL Rahul,1.1871657754010696,1.3849557522123894,1.4214046822742474,1.1040462427745663,1.176991150442478,1.0522388059701493,1.3076923076923077,1.304878048780488,222.0,313.0,425.0,191.0,133.0,141.0,306.0,214.0,118.71657754010695,138.49557522123894,142.14046822742475,110.40462427745663,117.6991150442478,105.22388059701493,130.76923076923077,130.4878048780488
120,120,KM Asif,,,,,,0.0,,,,,,,,0.0,,,,,,,,0.0,,
121,121,KM Jadhav,1.25,0.9302325581395348,,,1.2,,,,15.0,40.0,,,12.0,,,,125.0,93.02325581395348,,,120.0,,,
122,122,KR Mayers,,,,,1.5034013605442176,1.2248062015503876,,,,,,,221.0,158.0,,,,,,,150.34013605442175,122.48062015503876,,
123,123,KR Sen,,,,0.0,,,,,,,,0.0,,,,,,,,0.0,,,,
124,124,KS Bharat,0.95,1.3267326732673268,,1.1428571428571428,,,,,57.0,134.0,,8.0,,,,,95.0,132.67326732673268,,114.28571428571428,,,,
125,125,KS Sharma,,,,1.0,0.5714285714285714,,,,,,,4.0,12.0,,,,,,,100.0,57.14285714285714,,,
126,126,KS Williamson,1.108910891089109,1.0547945205479452,0.8666666666666667,0.9227272727272728,,,1.181818181818182,0.2,112.0,154.0,13.0,203.0,,,26.0,1.0,110.8910891089109,105.47945205479452,86.66666666666667,92.27272727272728,,,118.1818181818182,20.0
127,127,KV Sharma,,,,,1.0,0.3333333333333333,1.375,2.5,,,,,2.0,1.0,11.0,20.0,,,,,100.0,33.33333333333333,137.5,250.0
128,128,Kartik Tyagi,0.5,,,1.1666666666666667,,,,,2.0,,,7.0,,,,,50.0,,,116.66666666666669,,,,
129,129,Kuldeep Yadav,,,1.0,0.8823529411764706,0.8333333333333334,0.5909090909090909,1.28125,0.5,,,3.0,45.0,5.0,26.0,41.0,6.0,,,100.0,88.23529411764706,83.33333333333334,59.09090909090909,128.125,50.0
130,130,Kumar Kushagra,,,,,,,0.3333333333333333,0.5,,,,,,,1.0,2.0,,,,,,,33.33333333333333,50.0
131,131,L Wood,,,,,,,,3.0,,,,,,,,9.0,,,,,,,,300.0
132,132,LB Williams,,,,,,,0.5,,,,,,,,1.0,,,,,,,,50.0,
133,133,LH Ferguson,,1.3846153846153846,1.25,,,,,1.0,,18.0,5.0,,,,,1.0,,138.46153846153845,125.0,,,,,100.0
134,134,LS Livingstone,1.0294117647058822,0.7777777777777778,1.6391752577319587,1.7761194029850746,1.4285714285714286,1.7472527472527473,1.1891891891891893,1.488888888888889,35.0,7.0,318.0,119.0,120.0,159.0,44.0,67.0,102.94117647058825,77.77777777777779,163.91752577319588,177.61194029850748,142.85714285714286,174.72527472527472,118.91891891891892,148.88888888888889
135,135,Lalit Yadav,0.7777777777777778,1.0625,1.0,1.0708661417322836,0.5,1.103448275862069,,0.8333333333333334,14.0,34.0,25.0,136.0,2.0,64.0,,10.0,77.77777777777779,106.25,100.0,107.08661417322836,50.0,110.34482758620688,,83.33333333333334
136,136,Liton Das,,,,,1.0,,,,,,,,4.0,,,,,,,,100.0,,,
137,137,M Ashwin,0.625,,,0.8571428571428571,,,,,15.0,,,12.0,,,,,62.5,,,85.71428571428571,,,,
138,138,M Jansen,,,1.6,0.5,0.7391304347826086,1.0,1.2142857142857142,1.0,,,8.0,1.0,17.0,22.0,17.0,1.0,,,160.0,50.0,73.91304347826086,100.0,121.42857142857142,100.0
139,139,M Markande,,,,,,1.5,,,,,,,,21.0,,,,,,,,150.0,,
140,140,M Prasidh Krishna,,0.0,0.4,0.5714285714285714,,,,,,0.0,2.0,4.0,,,,,,0.0,40.0,57.14285714285714,,,,
141,141,M Shahrukh Khan,1.216867469879518,1.4838709677419355,0.902439024390244,1.1944444444444444,1.671641791044776,1.3333333333333333,1.6166666666666667,1.7647058823529411,101.0,46.0,74.0,43.0,112.0,44.0,97.0,30.0,121.6867469879518,148.38709677419354,90.2439024390244,119.44444444444444,167.1641791044776,133.33333333333331,161.66666666666666,176.47058823529412
142,142,M Theekshana,,,0.0,1.75,,,,,,,0.0,7.0,,,,,,,0.0,175.0,,,,
143,143,M Vohra,0.7777777777777778,1.2727272727272727,,1.5833333333333333,0.9090909090909092,,,,7.0,14.0,,19.0,10.0,,,,77.77777777777779,127.27272727272728,,158.33333333333331,90.9090909090909,,,
144,144,MA Agarwal,1.3865030674846626,1.3311258278145697,1.1694915254237288,1.183673469387755,1.3209876543209875,1.181159420289855,0.8648648648648649,1.4545454545454546,226.0,201.0,138.0,58.0,107.0,163.0,32.0,32.0,138.65030674846625,133.11258278145695,116.94915254237289,118.36734693877553,132.0987654320988,118.1159420289855,86.48648648648648,145.45454545454547
145,145,MA Starc,,,,,,,0.8181818181818182,,,,,,,,9.0,,,,,,,,81.81818181818183,
146,146,MA Wood,,,,,,2.2,,,,,,,,11.0,,,,,,,,220.00000000000003,,
147,147,MC Henriques,0.8,1.25,,,,,,,16.0,15.0,,,,,,,80.0,125.0,,,,,,
148,148,MD Shanaka,,,,,1.2857142857142858,0.8947368421052632,,,,,,,9.0,17.0,,,,,,,128.57142857142858,89.47368421052632,,
149,149,MG Bracewell,,,,,1.3461538461538465,1.0,,,,,,,35.0,23.0,,,,,,,134.6153846153846,100.0,,
150,150,MJ Santner,,,0.6666666666666666,0.7407407407407407,0.5,,1.0,0.4285714285714285,,,2.0,20.0,2.0,,11.0,3.0,,,66.66666666666666,74.07407407407408,50.0,,100.0,42.85714285714285
151,151,MJ Suthar,,,,,,,0.5,,,,,,,,1.0,,,,,,,,50.0,
152,152,MK Lomror,1.4423076923076923,0.7916666666666666,1.4035087719298245,2.0,1.294871794871795,1.4782608695652173,1.4444444444444444,1.9210526315789476,75.0,19.0,80.0,6.0,101.0,34.0,52.0,73.0,144.23076923076923,79.16666666666666,140.35087719298244,200.0,129.4871794871795,147.82608695652172,144.44444444444443,192.10526315789477
153,153,MK Pandey,1.2,1.2234042553191489,1.1323529411764706,0.6875,1.196078431372549,1.010204081632653,1.2727272727272727,,78.0,115.0,77.0,11.0,61.0,99.0,42.0,,120.0,122.34042553191487,113.23529411764706,68.75,119.6078431372549,101.0204081632653,127.27272727272728,
154,154,MM Ali,1.34375,1.2242990654205608,1.3636363636363635,1.1724137931034482,1.375,1.2857142857142858,1.1923076923076923,1.2452830188679245,172.0,131.0,210.0,34.0,88.0,36.0,62.0,66.0,134.375,122.42990654205607,136.36363636363637,117.2413793103448,137.5,128.57142857142858,119.23076923076924,124.52830188679243
155,155,MM Sharma,,,,,0.0,,0.125,,,,,,0.0,,2.0,,,,,,0.0,,12.5,
156,156,MP Stoinis,0.7692307692307693,1.6666666666666667,1.1428571428571428,1.492537313432836,1.6165413533834587,1.304054054054054,1.2605042016806722,1.5555555555555556,20.0,55.0,56.0,100.0,215.0,193.0,150.0,238.0,76.92307692307693,166.66666666666669,114.28571428571428,149.2537313432836,161.65413533834587,130.4054054054054,126.05042016806722,155.55555555555557
157,157,MR Marsh,,,1.280701754385965,1.3185185185185184,1.5263157894736843,1.2692307692307692,1.4074074074074074,1.6428571428571428,,,73.0,178.0,29.0,99.0,38.0,23.0,,,128.0701754385965,131.85185185185185,152.63157894736844,126.92307692307692,140.74074074074073,164.28571428571428
158,158,MS Dhoni,0.9090909090909092,1.375,1.167832167832168,1.181818181818182,1.75,1.4782608695652173,2.057142857142857,1.893617021276596,70.0,44.0,167.0,65.0,70.0,34.0,72.0,89.0,90.9090909090909,137.5,116.7832167832168,118.1818181818182,175.0,147.82608695652172,205.7142857142857,189.3617021276596
159,159,MS Wade,,,1.183673469387755,1.03125,,,,0.5714285714285714,,,58.0,99.0,,,,4.0,,,118.36734693877553,103.125,,,,57.14285714285714
160,160,MW Short,,,,,1.0714285714285714,1.4482758620689655,,,,,,,75.0,42.0,,,,,,,107.14285714285714,144.82758620689654,,
161,161,Mandeep Singh,1.0714285714285714,,0.0,0.9473684210526316,1.0,0.5,,,15.0,,0.0,18.0,12.0,2.0,,,107.14285714285714,,0.0,94.73684210526316,100.0,50.0,,
162,162,Mayank Dagar,,,,,,,,0.0,,,,,,,,0.0,,,,,,,,0.0
163,163,Mohammad Nabi,,2.2222222222222223,,,,,1.2,1.0,,20.0,,,,,24.0,11.0,,222.22222222222223,,,,,120.0,100.0
164,164,Mohammed Shami,0.7647058823529411,,,,0.0,0.7142857142857143,,,13.0,,,,0.0,5.0,,,76.47058823529412,,,,0.0,71.42857142857143,,
165,165,Mohammed Siraj,0.8,0.8,0.5,0.9655172413793104,0.5,,,1.3333333333333333,8.0,12.0,2.0,28.0,1.0,,,12.0,80.0,80.0,50.0,96.55172413793105,50.0,,,133.33333333333331
166,166,Mohit Rathee,,,,,0.5,,,,,,,,1.0,,,,,,,,50.0,,,
167,167,Mohsin Khan,,,2.1666666666666665,0.7692307692307693,,0.0,2.0,,,,13.0,10.0,,0.0,2.0,,,,216.66666666666663,76.92307692307693,,0.0,200.0,
168,168,Mujeeb Ur Rahman,,1.0,,,,,,,,1.0,,,,,,,,100.0,,,,,,
169,169,Mukesh Choudhary,,,1.0,1.0,,,,,,,4.0,2.0,,,,,,,100.0,100.0,,,,
170,170,Mukesh Kumar,,,,,,0.7,,0.3,,,,,,7.0,,3.0,,,,,,70.0,,30.0
171,171,Mustafizur Rahman,1.1428571428571428,0.0,,0.6,1.0,,,,8.0,0.0,,3.0,1.0,,,,114.28571428571428,0.0,,60.0,100.0,,,
172,172,N Jagadeesan,,,1.0,,0.8846153846153846,1.34375,,,,,40.0,,46.0,43.0,,,,,100.0,,88.46153846153845,134.375,,
173,173,N Pooran,0.95,1.3055555555555556,1.2105263157894737,1.368421052631579,1.410071942446043,2.076923076923077,1.6839080459770115,1.6885245901639343,38.0,47.0,46.0,260.0,196.0,162.0,293.0,206.0,95.0,130.55555555555557,121.05263157894736,136.8421052631579,141.0071942446043,207.6923076923077,168.39080459770116,168.85245901639345
174,174,N Rana,1.2717391304347827,1.0,1.5702479338842976,1.2391304347826086,1.3125,1.3864734299516908,1.2,,117.0,129.0,190.0,171.0,126.0,287.0,42.0,,127.17391304347828,100.0,157.02479338842977,123.91304347826086,131.25,138.64734299516908,120.0,
175,175,N Wadhera,,,,,1.4819277108433735,1.3409090909090908,1.3970588235294117,0.6363636363636364,,,,,123.0,118.0,95.0,14.0,,,,,148.19277108433735,134.0909090909091,139.70588235294116,63.63636363636363
176,176,NA Saini,,0.4,,,,,,,,2.0,,,,,,,,40.0,,,,,,
177,177,NM Coulter-Nile,0.8,,0.5,,,,,,4.0,,1.0,,,,,,80.0,,50.0,,,,,
178,178,NT Ellis,1.0588235294117647,,0.0,,0.0,0.5,,,18.0,,0.0,,0.0,1.0,,,105.88235294117648,,0.0,,0.0,50.0,,
179,179,Naman Dhir,,,,,,,0.0,1.686746987951807,,,,,,,0.0,140.0,,,,,,,0.0,168.67469879518077
180,180,Navdeep Saini,,,1.0,,,,,,,,2.0,,,,,,,,100.0,,,,,
181,181,Naveen-ul-Haq,,,,,0.6666666666666666,0.7368421052631579,,0.5,,,,,2.0,14.0,,2.0,,,,,66.66666666666666,73.68421052631578,,50.0
182,182,Nithish Kumar Reddy,,,,,,,1.4177215189873418,1.253968253968254,,,,,,,224.0,79.0,,,,,,,141.77215189873417,125.3968253968254
183,183,Noor Ahmad,,,,,0.0,1.0,0.1428571428571428,2.0,,,,,0.0,8.0,1.0,4.0,,,,,0.0,100.0,14.285714285714285,200.0
184,184,OC McCoy,,,1.6,,,,,,,,8.0,,,,,,,,160.0,,,,,
185,185,OF Smith,,,0.6341463414634146,2.7777777777777777,,,,,,,26.0,25.0,,,,,,,63.41463414634146,277.77777777777777,,,,
186,186,P Dubey,,,,,,0.8,,,,,,,,16.0,,,,,,,,80.0,,
187,187,P Simran Singh,0.8260869565217391,,1.2727272727272727,,1.525974025974026,1.3516483516483515,1.4387755102040816,1.6355932203389831,19.0,,14.0,,235.0,123.0,141.0,193.0,82.6086956521739,,127.27272727272728,,152.5974025974026,135.16483516483518,143.87755102040816,163.55932203389833
188,188,PBB Rajapaksa,,,1.5492957746478873,1.4545454545454546,1.109375,,,,,,110.0,96.0,71.0,,,,,,154.92957746478874,145.45454545454547,110.9375,,,
189,189,PD Salt,,,,,1.625,1.6134453781512603,1.6986301369863013,1.7980769230769231,,,,,26.0,192.0,248.0,187.0,,,,,162.5,161.34453781512605,169.86301369863014,179.80769230769232
190,190,PJ Cummins,1.05,1.8461538461538465,0.6,3.1578947368421053,,,1.3333333333333333,1.5,21.0,72.0,3.0,60.0,,,100.0,36.0,105.0,184.6153846153846,60.0,315.7894736842105,,,133.33333333333331,150.0
191,191,PJ Sangwan,,,0.3333333333333333,,,,,,,,2.0,,,,,,,,33.33333333333333,,,,,
192,192,PK Garg,0.8113207547169812,1.318181818181818,1.393939393939394,,0.7142857142857143,1.3333333333333333,,,43.0,29.0,46.0,,10.0,12.0,,,81.13207547169812,131.8181818181818,139.3939393939394,,71.42857142857143,133.33333333333331,,
193,193,PN Mankad,,,,4.0,1.238095238095238,1.2641509433962264,,,,,,4.0,26.0,67.0,,,,,,400.0,123.8095238095238,126.41509433962264,,
194,194,PP Chawla,0.0,,,,0.875,1.2857142857142858,0.5714285714285714,1.375,0.0,,,,7.0,18.0,4.0,11.0,0.0,,,,87.5,128.57142857142858,57.14285714285714,137.5
195,195,PP Shaw,1.4427480916030535,1.611940298507463,1.5280898876404494,1.4134615384615383,1.3333333333333333,0.9090909090909092,1.5227272727272727,1.617283950617284,189.0,216.0,136.0,147.0,76.0,30.0,67.0,131.0,144.27480916030535,161.19402985074626,152.80898876404493,141.34615384615387,133.33333333333331,90.9090909090909,152.27272727272728,161.7283950617284
196,196,PVD Chameera,,,1.5,1.25,,,,,,,18.0,25.0,,,,,,,150.0,125.0,,,,
197,197,PWH de Silva,0.5,,0.3636363636363636,1.1538461538461535,1.0833333333333333,1.1666666666666667,,,1.0,,8.0,30.0,26.0,7.0,,,50.0,,36.36363636363637,115.38461538461536,108.33333333333331,116.66666666666669,,
198,198,Q de Kock,1.072072072072072,1.2222222222222223,1.609625668449198,1.2699386503067485,1.0476190476190477,1.6229508196721312,1.3953488372093024,1.0769230769230769,119.0,176.0,301.0,207.0,44.0,99.0,180.0,70.0,107.2072072072072,122.22222222222224,160.9625668449198,126.99386503067484,104.76190476190476,162.29508196721312,139.53488372093022,107.6923076923077
199,199,R Ashwin,1.0714285714285714,0.9166666666666666,1.311926605504587,1.5483870967741935,1.05,1.6666666666666667,1.45,0.7777777777777778,15.0,22.0,143.0,48.0,42.0,25.0,58.0,28.0,107.14285714285714,91.66666666666666,131.1926605504587,154.83870967741936,105.0,166.66666666666669,145.0,77.77777777777779
200,200,R Dhawan,,,2.4,0.6944444444444444,1.6666666666666667,,,,,,12.0,25.0,20.0,,,,,,240.0,69.44444444444444,166.66666666666669,,,
201,201,R Parag,1.150943396226415,0.3571428571428571,1.4485981308411215,0.9655172413793104,0.75,1.3636363636363635,1.49,1.328502415458937,61.0,5.0,155.0,28.0,18.0,60.0,298.0,275.0,115.09433962264151,35.714285714285715,144.85981308411215,96.55172413793105,75.0,136.36363636363637,149.0,132.8502415458937
202,202,R Powell,,,1.28125,1.6282051282051282,1.0,0.6,0.8,1.5,,,123.0,127.0,4.0,3.0,4.0,99.0,,,128.125,162.82051282051282,100.0,60.0,80.0,150.0
203,203,R Ravindra,,,,,,,1.58,1.4895833333333333,,,,,,,79.0,143.0,,,,,,,158.0,148.95833333333331
204,204,R Sai Kishore,,,,,,,,2.1666666666666665,,,,,,,,13.0,,,,,,,,216.66666666666663
205,205,R Sanjay Yadav,,,,0.0,,,,,,,,0.0,,,,,,,,0.0,,,,
206,206,R Shepherd,,,1.7333333333333334,1.1428571428571428,,0.0,2.857142857142857,1.7,,,26.0,32.0,,0.0,40.0,17.0,,,173.33333333333334,114.28571428571428,,0.0,285.7142857142857,170.0
207,207,R Tewatia,1.018181818181818,1.054054054054054,1.1428571428571428,1.5591397849462365,2.0,1.2708333333333333,1.40625,1.3066666666666666,56.0,78.0,72.0,145.0,26.0,61.0,90.0,98.0,101.8181818181818,105.4054054054054,114.28571428571428,155.91397849462365,200.0,127.08333333333331,140.625,130.66666666666666
208,208,RA Bawa,,,0.8461538461538461,0.0,,,,,,,11.0,0.0,,,,,,,84.61538461538461,0.0,,,,
209,209,RA Jadeja,1.2463768115942029,1.9333333333333331,1.2714285714285714,0.7714285714285715,1.2574257425742574,1.7027027027027026,1.3333333333333333,1.5,172.0,29.0,89.0,27.0,127.0,63.0,156.0,111.0,124.63768115942028,193.33333333333331,127.14285714285714,77.14285714285715,125.74257425742574,170.27027027027026,133.33333333333331,150.0
210,210,RA Tripathi,1.3135593220338984,1.3834586466165413,1.4736842105263157,1.5435897435897437,1.1122448979591837,1.3781512605042017,1.3658536585365857,1.358974358974359,155.0,184.0,112.0,301.0,109.0,164.0,112.0,53.0,131.35593220338984,138.34586466165413,147.36842105263156,154.35897435897436,111.22448979591836,137.81512605042016,136.58536585365854,135.8974358974359
211,211,RD Chahar,1.0,0.0,1.2,0.9666666666666668,0.0,0.0,,1.4,6.0,0.0,48.0,29.0,0.0,0.0,,21.0,100.0,0.0,120.0,96.66666666666669,0.0,0.0,,140.0
212,212,RD Gaikwad,1.367816091954023,1.338235294117647,1.2768595041322317,1.0535714285714286,1.5018587360594795,1.3098591549295775,1.521594684385382,1.0080645161290325,357.0,273.0,309.0,59.0,404.0,186.0,458.0,125.0,136.7816091954023,133.8235294117647,127.68595041322315,105.35714285714286,150.18587360594796,130.98591549295776,152.1594684385382,100.80645161290325
213,213,RG Sharma,1.201219512195122,1.2708333333333333,1.2282608695652173,1.091549295774648,1.2328767123287672,1.308108108108108,1.4393939393939394,1.4185022026431715,197.0,122.0,113.0,155.0,90.0,242.0,95.0,322.0,120.1219512195122,127.08333333333331,122.82608695652172,109.1549295774648,123.28767123287672,130.8108108108108,143.93939393939394,141.85022026431716
214,214,RJ Gleeson,,,,,,,1.0,,,,,,,,2.0,,,,,,,,100.0,
215,215,RJW Topley,,,,,,,,0.5,,,,,,,,3.0,,,,,,,,50.0
216,216,RK Bhui,,,,,,,0.4285714285714285,0.0,,,,,,,3.0,0.0,,,,,,,42.85714285714285,0.0
217,217,RK Singh,,,1.186046511627907,1.5,1.141891891891892,1.648648648648649,1.52,0.9411764705882352,,,51.0,123.0,169.0,305.0,152.0,16.0,,,118.6046511627907,150.0,114.1891891891892,164.86486486486487,152.0,94.11764705882352
218,218,RM Patidar,1.3333333333333333,0.96875,1.523560209424084,1.024390243902439,,,1.7484662576687116,1.4864864864864864,32.0,31.0,291.0,42.0,,,285.0,110.0,133.33333333333331,96.875,152.35602094240838,102.4390243902439,,,174.84662576687114,148.64864864864865
219,219,RP Meredith,,,,0.0,,0.0,,,,,,0.0,,0.0,,,,,,0.0,,0.0,,
220,220,RR Pant,1.1928571428571428,1.2156862745098038,1.2897196261682242,1.5905511811023625,,,1.544378698224852,1.4566929133858268,167.0,186.0,138.0,202.0,,,261.0,185.0,119.28571428571428,121.5686274509804,128.97196261682242,159.05511811023624,,,154.4378698224852,145.6692913385827
221,221,RR Rossouw,,,,,1.9148936170212767,1.1782178217821782,1.7575757575757576,1.7191011235955056,,,,,90.0,119.0,58.0,153.0,,,,,191.48936170212767,117.82178217821782,175.75757575757575,171.91011235955057
222,222,RV Patel,0.7777777777777778,0.9,,2.0,1.4,0.875,,,7.0,18.0,,6.0,28.0,21.0,,,77.77777777777779,90.0,,200.0,140.0,87.5,,
223,223,RV Uthappa,1.2682926829268293,1.4,1.3602941176470589,1.0,,,,,52.0,63.0,185.0,45.0,,,,,126.82926829268293,140.0,136.02941176470588,100.0,,,,
224,224,Rahmanullah Gurbaz,,,,,1.4513274336283186,0.9692307692307692,,1.24,,,,,164.0,63.0,,62.0,,,,,145.13274336283186,96.92307692307692,,124.0
225,225,Ramandeep Singh,,,0.5,1.3,,,1.953125,,,,6.0,39.0,,,125.0,,,,50.0,130.0,,,195.3125,
226,226,Rashid Khan,1.125,0.8571428571428571,1.7272727272727273,2.1818181818181817,1.0,2.103448275862069,1.2926829268292683,1.4411764705882353,54.0,12.0,19.0,72.0,8.0,122.0,53.0,49.0,112.5,85.71428571428571,172.72727272727272,218.18181818181816,100.0,210.3448275862069,129.26829268292684,144.11764705882354
227,227,Rasikh Salam,,,,1.1666666666666667,,,1.3076923076923077,0.6470588235294118,,,,7.0,,,17.0,11.0,,,,116.66666666666669,,,130.76923076923077,64.70588235294117
228,228,Ravi Bishnoi,0.2,,,0.0,1.25,0.625,0.0,0.8,1.0,,,0.0,5.0,15.0,0.0,4.0,20.0,,,0.0,125.0,62.5,0.0,80.0
229,229,S Dhawan,1.0656934306569343,1.2618181818181815,1.1918367346938776,1.12,1.34375,1.5263157894736843,1.1842105263157894,1.2298850574712643,146.0,347.0,292.0,168.0,344.0,29.0,45.0,107.0,106.56934306569345,126.18181818181816,119.18367346938776,112.0,134.375,152.63157894736844,118.42105263157892,122.98850574712642
230,230,S Dube,1.135135135135135,1.110091743119266,1.4859154929577465,1.5,1.6287425149700598,1.3272727272727274,1.812080536912752,1.1454545454545455,84.0,121.0,211.0,78.0,272.0,146.0,270.0,126.0,113.51351351351352,111.0091743119266,148.59154929577466,150.0,162.874251497006,132.72727272727275,181.2080536912752,114.54545454545456
231,231,S Gopal,1.4,,,1.2857142857142858,,,,,7.0,,,9.0,,,,,140.0,,,128.57142857142858,,,,
232,232,S Kaul,1.4,0.3333333333333333,,,,,,,7.0,1.0,,,,,,,140.0,33.33333333333333,,,,,,
233,233,SA Abbott,,,,1.4,,,,,,,,7.0,,,,,,,,140.0,,,,
234,234,SA Yadav,1.4841269841269842,1.1025641025641026,1.5714285714285714,1.3142857142857145,1.6228070175438596,1.8584070796460177,1.4,1.776978417266187,187.0,43.0,165.0,138.0,185.0,420.0,98.0,247.0,148.41269841269843,110.25641025641026,157.14285714285714,131.42857142857142,162.28070175438597,185.84070796460176,140.0,177.69784172661872
235,235,SB Dubey,,,,,,,0.0,1.65,,,,,,,0.0,33.0,,,,,,,0.0,165.0
236,236,SD Hope,,,,,,,1.530864197530864,1.3409090909090908,,,,,,,124.0,59.0,,,,,,,153.0864197530864,134.0909090909091
237,237,SE Rutherford,,,,0.6346153846153846,,,,,,,,33.0,,,,,,,,63.46153846153846,,,,
238,238,SH Johnson,,,,,,,1.0,0.8333333333333334,,,,,,,1.0,5.0,,,,,,,100.0,83.33333333333334
239,239,SK Raina,1.02,1.2702702702702702,,,,,,,51.0,47.0,,,,,,,102.0,127.02702702702702,,,,,,
240,240,SM Curran,2.1666666666666665,1.0,,,1.267515923566879,1.375,1.0,1.2209944751381216,13.0,4.0,,,199.0,77.0,49.0,221.0,216.66666666666663,100.0,,,126.7515923566879,137.5,100.0,122.09944751381217
241,241,SN Khan,,0.0,1.5,0.7647058823529411,0.9302325581395348,0.6842105263157895,,,,0.0,78.0,13.0,40.0,13.0,,,,0.0,150.0,76.47058823529412,93.02325581395348,68.42105263157895,,
242,242,SN Thakur,1.0,0.75,1.7142857142857142,1.2173913043478262,1.6666666666666667,1.2777777777777777,1.4166666666666667,0.6666666666666666,2.0,3.0,36.0,84.0,90.0,23.0,17.0,4.0,100.0,75.0,171.42857142857142,121.73913043478262,166.66666666666669,127.77777777777776,141.66666666666669,66.66666666666666
243,243,SO Hetmyer,1.3975903614457832,1.8,1.4057142857142857,1.4782608695652173,1.2872340425531914,1.6036036036036037,1.6,1.5576923076923077,116.0,126.0,246.0,68.0,121.0,178.0,32.0,81.0,139.75903614457832,180.0,140.57142857142856,147.82608695652172,128.72340425531914,160.36036036036035,160.0,155.76923076923077
244,244,SP Jackson,,,0.8,1.0,,,,,,,12.0,11.0,,,,,,,80.0,100.0,,,,
245,245,SP Narine,0.75,1.358974358974359,1.3571428571428572,2.0,0.7222222222222222,0.8,1.6794871794871795,1.637931034482759,9.0,53.0,19.0,52.0,13.0,8.0,393.0,95.0,75.0,135.8974358974359,135.71428571428572,200.0,72.22222222222221,80.0,167.94871794871796,163.79310344827587
246,246,SPD Smith,1.2372881355932204,1.025974025974026,,,,,,,73.0,79.0,,,,,,,123.72881355932203,102.5974025974026,,,,,,
247,247,SS Iyer,0.9789473684210528,0.9534883720930232,1.1555555555555554,1.35,,,1.330827067669173,1.4871794871794872,93.0,82.0,104.0,297.0,,,177.0,174.0,97.89473684210527,95.34883720930232,115.55555555555554,135.0,,,133.08270676691728,148.71794871794873
248,248,SS Prabhudessai,,,0.8378378378378378,1.44,0.6666666666666666,1.2608695652173914,,1.263157894736842,,,31.0,36.0,6.0,29.0,,24.0,,,83.78378378378379,144.0,66.66666666666666,126.08695652173914,,126.3157894736842
249,249,SS Tiwary,0.9523809523809524,1.2179487179487178,,,,,,,20.0,95.0,,,,,,,95.23809523809524,121.79487179487178,,,,,,
250,250,SV Samson,1.3035714285714286,1.0518518518518518,1.5019455252918288,1.125,1.4444444444444444,1.5789473684210529,1.356164383561644,1.506787330316742,219.0,142.0,386.0,72.0,182.0,180.0,198.0,333.0,130.35714285714286,105.18518518518518,150.1945525291829,112.5,144.44444444444443,157.89473684210526,135.6164383561644,150.6787330316742
251,251,SW Billings,,,1.0434782608695652,1.2474226804123711,,,,,,,48.0,121.0,,,,,,,104.34782608695652,124.74226804123712,,,,
252,252,SZ Mulani,,,,,,,,1.0,,,,,,,,1.0,,,,,,,,100.0
253,253,Sachin Baby,0.4117647058823529,,,,,,,,7.0,,,,,,,,41.17647058823529,,,,,,,
254,254,Sameer Rizvi,,,,,,,1.0588235294117647,1.6666666666666667,,,,,,,36.0,15.0,,,,,,,105.88235294117648,166.66666666666669
255,255,Sandeep Sharma,0.0,1.3333333333333333,,,0.3333333333333333,0.0,,,0.0,8.0,,,2.0,0.0,,,0.0,133.33333333333331,,,33.33333333333333,0.0,,
256,256,Sanvir Singh,,,,,1.3333333333333333,1.1666666666666667,0.8888888888888888,1.5,,,,,4.0,7.0,8.0,6.0,,,,,133.33333333333331,116.66666666666669,88.88888888888889,150.0
257,257,Saurav Chauhan,,,,,,,1.2,0.0,,,,,,,18.0,0.0,,,,,,,120.0,0.0
258,258,Shahbaz Ahmed,1.0,1.1,1.0389610389610389,1.1583333333333334,1.2857142857142858,0.75,1.323232323232323,1.135135135135135,22.0,22.0,80.0,139.0,27.0,15.0,131.0,84.0,100.0,110.0,103.89610389610388,115.83333333333334,128.57142857142858,75.0,132.32323232323233,113.51351351351352
259,259,Shakib Al Hasan,,1.0,,,,,,,,35.0,,,,,,,,100.0,,,,,,
260,260,Shashank Singh,,,4.166666666666667,1.0731707317073171,,,1.2121212121212122,1.6354166666666667,,,25.0,44.0,,,40.0,314.0,,,416.6666666666667,107.31707317073172,,,121.21212121212122,163.54166666666669
261,261,Shivam Mavi,0.7142857142857143,1.4285714285714286,,0.375,,,,,5.0,20.0,,3.0,,,,,71.42857142857143,142.85714285714286,,37.5,,,,
262,262,Shivam Singh,,,,,,,0.6666666666666666,,,,,,,,2.0,,,,,,,,66.66666666666666,
263,263,Shubman Gill,1.0769230769230769,1.1647509578544062,1.3430656934306568,1.261603375527426,1.6766666666666667,1.372340425531915,1.5432098765432098,1.3233082706766917,126.0,304.0,184.0,299.0,503.0,387.0,250.0,176.0,107.6923076923077,116.47509578544062,134.3065693430657,126.1603375527426,167.66666666666669,137.2340425531915,154.320987654321,132.33082706766916
264,264,Sikandar Raza,,,,,1.1,1.4324324324324325,,1.1025641025641026,,,,,33.0,106.0,,43.0,,,,,110.0,143.24324324324326,,110.25641025641026
265,265,Simarjeet Singh,,,0.8333333333333334,1.0,,,,,,,5.0,2.0,,,,,,,83.33333333333334,100.0,,,,
266,266,Sumit Kumar,,,,,,,0.2,1.0,,,,,,,2.0,16.0,,,,,,,20.0,100.0
267,267,Swapnil Singh,,,,,,0.5,1.6923076923076923,1.6666666666666667,,,,,,2.0,22.0,15.0,,,,,,50.0,169.23076923076923,166.66666666666669
268,268,T Kohler-Cadmore,,,,,,,0.782608695652174,0.967741935483871,,,,,,,18.0,30.0,,,,,,,78.26086956521739,96.7741935483871
269,269,T Shamsi,,0.5,,,,,,,,2.0,,,,,,,,50.0,,,,,,
270,270,T Stubbs,,,,0.5,0.8064516129032258,,1.846938775510204,1.858490566037736,,,,2.0,25.0,,181.0,197.0,,,,50.0,80.64516129032258,,184.6938775510204,185.8490566037736
271,271,TA Boult,1.0,0.0,1.3333333333333333,,1.0714285714285714,0.3333333333333333,1.3333333333333333,0.2857142857142857,1.0,0.0,40.0,,15.0,1.0,12.0,2.0,100.0,0.0,133.33333333333331,,107.14285714285714,33.33333333333333,133.33333333333331,28.57142857142857
272,272,TG Southee,,0.6,0.1,0.5,,,,,,3.0,1.0,1.0,,,,,,60.0,10.0,50.0,,,,
273,273,TH David,0.3333333333333333,,1.8666666666666667,2.1311475409836067,1.0923076923076922,1.7777777777777777,1.3571428571428572,1.511904761904762,1.0,,56.0,130.0,71.0,160.0,114.0,127.0,33.33333333333333,,186.66666666666663,213.11475409836063,109.23076923076924,177.77777777777777,135.71428571428572,151.19047619047618
274,274,TK Curran,0.0,,,,,,,,0.0,,,,,,,,0.0,,,,,,,
275,275,TL Seifert,0.4,,,1.1428571428571428,,,,,2.0,,,24.0,,,,,40.0,,,114.28571428571428,,,,
276,276,TM Head,,,,,,,1.7892561983471074,2.0615384615384613,,,,,,,433.0,134.0,,,,,,,178.92561983471074,206.15384615384613
277,277,TS Mills,,,,0.0,,,,,,,,0.0,,,,,,,,0.0,,,,
278,278,TU Deshpande,,,,,0.0,,0.0,,,,,,0.0,,0.0,,,,,,0.0,,0.0,
279,279,Tanush Kotian,,,,,,,,0.75,,,,,,,,24.0,,,,,,,,75.0
280,280,Tilak Varma,,,1.2571428571428571,1.2740384615384617,1.456896551724138,1.5818181818181818,1.263157894736842,1.536723163841808,,,132.0,265.0,169.0,174.0,144.0,272.0,,,125.71428571428572,127.40384615384616,145.68965517241378,158.1818181818182,126.3157894736842,153.6723163841808
281,281,UT Yadav,,,1.3571428571428572,1.3333333333333333,1.2857142857142858,0.7692307692307693,,0.8,,,19.0,36.0,9.0,10.0,,12.0,,,135.71428571428572,133.33333333333331,128.57142857142858,76.92307692307693,,80.0
282,282,Umran Malik,,,0.0,0.5714285714285714,,2.375,,,,,0.0,4.0,,19.0,,,,,0.0,57.14285714285714,,237.5,,
283,283,V Kohli,1.1377245508982037,1.2314049586776858,1.0116959064327486,1.2444444444444445,1.2745762711864406,1.4775280898876404,1.4242424242424243,1.622754491017964,190.0,149.0,173.0,168.0,376.0,263.0,470.0,271.0,113.77245508982035,123.14049586776858,101.16959064327486,124.44444444444444,127.45762711864406,147.75280898876403,142.42424242424244,162.2754491017964
284,284,V Shankar,,1.1,0.5555555555555556,0.4444444444444444,1.7358490566037736,1.4315068493150684,1.0434782608695652,1.1346153846153846,,44.0,15.0,4.0,92.0,209.0,24.0,59.0,,110.0,55.55555555555556,44.44444444444444,173.58490566037736,143.15068493150685,104.34782608695652,113.46153846153844
285,285,V Viyaskanth,,,,,,,1.4,,,,,,,,7.0,,,,,,,,140.0,
286,286,VG Arora,,,0.3571428571428571,,2.0,1.0,1.0,,,,5.0,,2.0,1.0,1.0,,,,35.714285714285715,,200.0,100.0,100.0,
287,287,VR Iyer,1.194174757281553,1.260204081632653,0.9863013698630136,1.0784313725490196,1.392156862745098,1.4148148148148147,1.4921875,1.6272727272727272,123.0,247.0,72.0,110.0,213.0,191.0,191.0,179.0,119.41747572815532,126.0204081632653,98.63013698630137,107.84313725490196,139.2156862745098,141.48148148148147,149.21875,162.72727272727272
288,288,Vijaykumar Vyshak,,,,,0.0,1.4444444444444444,0.0,0.5,,,,,0.0,13.0,0.0,1.0,,,,,0.0,144.44444444444443,0.0,50.0
289,289,Virat Singh,,0.5769230769230769,,,,,,,,15.0,,,,,,,,57.692307692307686,,,,,,
290,290,Vishnu Vinod,,,,,1.5,0.5833333333333334,,,,,,,30.0,7.0,,,,,,,150.0,58.333333333333336,,
291,291,Vivrant Sharma,,,,,1.4081632653061225,,,,,,,,69.0,,,,,,,,140.81632653061226,,,
292,292,WD Parnell,,,,,,0.3333333333333333,,,,,,,,2.0,,,,,,,,33.33333333333333,,
293,293,WG Jacks,,,,,,,1.2884615384615383,2.0123456790123457,,,,,,,67.0,163.0,,,,,,,128.84615384615387,201.23456790123456
294,294,WP Saha,0.9863013698630136,0.9107142857142856,1.0649350649350648,1.2433862433862437,1.300578034682081,1.1774193548387095,0.7450980392156863,1.420289855072464,72.0,51.0,82.0,235.0,225.0,146.0,38.0,98.0,98.63013698630137,91.07142857142856,106.49350649350647,124.33862433862434,130.0578034682081,117.74193548387098,74.50980392156863,142.02898550724638
295,295,Washington Sundar,0.6666666666666666,0.6363636363636364,1.0571428571428572,1.5609756097560976,0.7142857142857143,1.2962962962962965,0.0,,6.0,7.0,37.0,64.0,25.0,35.0,0.0,,66.66666666666666,63.63636363636363,105.71428571428572,156.09756097560975,71.42857142857143,129.62962962962962,0.0,
296,296,YBK Jaiswal,1.3983739837398377,1.711111111111111,1.134020618556701,1.465346534653465,1.7155963302752293,1.4022346368715084,1.265625,1.5803571428571428,172.0,77.0,110.0,148.0,374.0,251.0,81.0,354.0,139.83739837398377,171.11111111111111,113.4020618556701,146.53465346534654,171.55963302752292,140.22346368715085,126.5625,158.03571428571428
297,297,YS Chahal,0.3333333333333333,0.3809523809523809,,0.625,,,,,2.0,8.0,,5.0,,,,,33.33333333333333,38.095238095238095,,62.5,,,,
298,298,YV Dhull,,,,,0.5,0.7368421052631579,,,,,,,2.0,14.0,,,,,,,50.0,73.68421052631578,,
299,299,Yash Dayal,,,0.0,,,,,,,,0.0,,,,,,,,0.0,,,,,
300,300,Yudhvir Singh,,,,,0.5,,,1.5,,,,,1.0,,,21.0,,,,,50.0,,,150.0
